'Spivey Construction Inc','Indianapolis','IN','46227','whga@aol.com','3177864337'
'Jeter & Assoc Hauling Inc','Indianapolis','IN','46203','jeterassociates@att.net','3176363995'
'PAUL HENDERSON PLUMBING','Carmel','IN','46074','phendersonplumbing@indy.rr.com','3178723535'
'Cooper Plastering','Indianapolis','IN','46240','kcooperindy@yahoo.com','3178473450'
'DirectBuy of Indianapolis','Indianapolis','IN','46240','jckpwll@aol.com','3174729810'
'Broad Ripple Appliance','Indianapolis','IN','46220','broadrippleappliance@gmail.com','3172598077'
'CHIMNEY SWEEPS OF AMERICA LTD','LEBANON','IN','46052','chimneysweepofamerica@gmail.com','3177696568'
'Benjamin Franklin Plumbing','Indianapolis','IN','46239','jennifer.perdue@onehourair.com','3174893098'
'Blackard & Geiger Ltd','Indianapolis','IN','46201','keller@indy.net','3176371829'
'Donald Williams and Son Hardwood Flooring','INDIANAPOLIS','IN','46203','sales@williamshardwood.com','3177832849'
'Hofmeister Personal Jewelers','Indianapolis','IN','46240','johnk@hofmeister.com','3175777070'
'Ely Stokes Inc','Indianapolis','IN','46205','ely@elystokesfireplace.com','3172594084'
'INDIANA RENOVATIONS INC','FISHERS','IN','46037','genesnodgrass@sbcglobal.net','3177760837'
'Honda of Fishers','Fishers','IN','46038','hondaoffishers@gmail.com','3172993551'
'SELECT SEWING SERVICE','INDIANAPOLIS','IN','46220','karensew2@aol.com','3172556332'
'Surroundings By Natureworks+ Inc','Carmel','IN','46032','randy@choosesurroundings.com','3175750482'
'Carter Veterinary Medical Center','Carmel','IN','46032','cartervetmedcenter@gmail.com','3178446868'
'Elgin Water Care','Indianapolis','IN','46220','dhull@elginwater.com','3172519223'
'SOLAR CONCEPTS INC','INDIANAPOLIS','IN','46236','bill@solarconcepts1.com','3173353100'
'Champion Windows Sun Rooms and Home Exteriors','Indianapolis','IN','46250','indianapolis@championfactorydirect.com','3175764345'
'Integrity Automotive','Carmel','IN','46032','integrityautor@gmail.com','3175730107'
'Heartwood Enterprises Inc/Betterliving Sunrooms','Indianapolis','IN','46268','sstrainer@heartwoodent.net','3178720756'
'TREEO','INDIANAPOLIS','IN','46220','treeo@sbcglobal.net','3172540001'
'Pioneer Kitchens','Indianapolis','IN','46217','pioneerkitchens@sbcglobal.net','3177848006'
'L E Isley & Sons Inc','Westfield','IN','46074','info@isleyplumbing.com','3179730709'
'The Computer Place','Indianapolis','IN','46260','csweeney@gmail.com','3175711411'
'Centennial Construction & Remodeling Services  Inc','Carmel','IN','46032','info@centennialremodelers.com','3178487634'
'Lamping Huser Heating & Cooling','Beech Grove','IN','46107','','3177821524'
'The Family Group Inc','Carmel','IN','46033','david@thefamilygroupinc.com','3175570557'
'Updike Bathroom Remodeling','Indianapolis','IN','46227','updikebathroom@comcast.net','3177860360'
'Bill\'s Tree Service','Indianapolis','IN','46226','','3175478733'
'The Drainman Inc','Indianapolis','IN','46241','','3178229290'
'Arbor Tree Company Inc','Greenfield','IN','46140','arbortreecompany@gmail.com','3178941600'
'Steamatic of Indianapolis','Indianapolis','IN','46256','steamatic@steamaticindy.com','3175371811'
'EXTERIOR WOOD RESTORATION INC','CICERO','IN','46034','lyn@extwoodrest.com','3177585942'
'Jim Spears Plastering','Indianapolis','IN','46222','jspears.plastering@att.net','3173714794'
'The Painting Edge','Carmel','IN','46082','tcartmel@thepaintingedge.com','3178461107'
'Bolls Heating & Cooling','Indianapolis','IN','46222','info@bollscomfort.com','3176381541'
'Tyler Automotive','Indianapolis','IN','46220','tylerautomotive@sbcglobal.net','3172556759'
'William L Burtt','FISHERS','IN','46038','mamaburtt@gmail.com','3177012702'
'HOPKINS AUTOMOTIVE INC','INDIANAPOLIS','IN','46220','jeffhop1@gmail.com','3172512100'
'Superior Appliance/Superior Service of Indy','Indianapolis','IN','46203','bobby.hale69@yahoo.com','3172936770'
'Kimmel Shoe Repair','Indianapolis','IN','46220','ronaldtomasello@att.net','3172550740'
'INDY DECOR LLC','CARMEL','IN','46032','indydecor@sbcglobal.net','3172570880'
'Bill Reneau Painting','INDIANAPOLIS','IN','46239','william.reneau@sbcglobal.net','3173709216'
'Northside Glass & Mirror','Indianapolis','IN','46240','nglass7206@sbcglobal.net','3172518244'
'Meridian Heights Cleaners Inc','Indianapolis','IN','46205','greg@deeringdowntown.com','3172831361'
'Innovative Cabinets & Closets','Westfield','IN','46074','pduwel@inncorp.com','3178462018'
'THERE\'S NO PLACE LIKE HOME','CARMEL','IN','46032','sdoeppers@indy.rr.com','3178454140'
'KEYSTONE PET HOSPITAL','INDIANAPOLIS','IN','46205','bellestarr402@hotmail.com','3175462476'
'A-1 Concrete Leveling & Foundation Repair','Zionsville','IN','46077','thelevelers@yahoo.com','3177336339'
'Knox Septic Sewer Service','Indianapolis','IN','46222','hknox99196@aol.com','3176387280'
'TOULA\'S ALTERATIONS','CARMEL','IN','46032','mvagias@sbcglobal.net','3178465202'
'Hoff Heating & Air Conditioning','Cicero','IN','46034','mikehoff63@gmail.com','3177102906'
'Control Tech Heating & Air Conditioning Inc','Zionsville','IN','46077','awinters@controltech.biz','3178733737'
'Perma Pools Corp','Indianapolis','IN','46227','blambert@permapools.com','3177829956'
'GLEN LEE GAINEY ROOFING','NOBLESVILLE','IN','46060','glenleegainey@att.net','3177733026'
'Smith Mathis Inc','Fishers','IN','46038','smithmathis@earthlink.net','3178427398'
'Companion Animal Medical Center','Carmel','IN','46032','info@myindyvet.com','3178440049'
'SECOND NATURE LANDSCAPES','ZIONSVILLE','IN','46077','secondnaturelandscapes@yahoo.com','3178735278'
'All Seasons Superior Insulation Co Inc','Plainfield','IN','46168','info@asinsulation.com','3172794345'
'Busy Bee Movers Inc','Indianapolis','IN','46217','kngbee2618@att.net','3177832618'
'BLISS ENTERPRISES','INDIANAPOLIS','IN','46220','bliss@indy.rr.com','3172552924'
'ENGLISH EXCAVATING INC','INDIANAPOLIS','IN','46217','mick@englishexcavating.com','3178882282'
'B & W Plumbing Heating And Air Conditioning Co Inc','Indianapolis','IN','46224','dmejean@bplusw.com','3172433581'
'Roby\'s Plumbing & Appliance Service','Indianapolis','IN','46256','brad@robysplumbing.com','3178497225'
'BATH CREST','INDIANAPOLIS','IN','46214','indybathcrest@aol.com','3172478827'
'Rabb & Howe Cabinet Top CO INC','Indianapolis','IN','46205','rabbandhowe@sbcglobal.net','3179266442'
'Classic Cleaners','Indianapolis','IN','46256','info@classiccleaners.net','3178455244'
'BONNER PIANO SERVICE/BONNER PIANO SALES & SVC','CARMEL','IN','46032','bob@bonnerpiano.com','3178724257'
'Best Pest Management','Carmel','IN','46032','bestpestmgt@att.net','3178464357'
'BANE CARPET CLEANING','INDIANAPOLIS','IN','46205','banejr@baneclene.com','3175465448'
'HILL\'S LAWNMOWER REPAIR','INDIANAPOLIS','IN','46280','gburt1547@sbcglobal.net','3178462417'
'Clean Connections Inc.','Indianapolis','IN','46229','hminnerup@sbcglobal.net','3178901512'
'Brown\'s Flooring','Indianapolis','IN','46240','brownsflr@comcast.net','3172531942'
'HOFSOMMER CONSTRUCTION LLC','Indianapolis','IN','46280','phofsommer@indy.rr.com','3178487571'
'CARMEL TAILORING & ALTERATIONS','CARMEL','IN','46032','kay@carmeltailoring.com','3178486050'
'REED DRAPERY SERVICE INC','INDIANAPOLIS','IN','46202','','3176384597'
'Aqua Systems','AVON','IN','46123','mbutcher@aquasys.biz','3172723000'
'Cox Hardwood Flooring LLC','Greenfield','IN','46140','eads1208@comcast.net','3173598018'
'DAVE SHEPHERD\'S DRYWALL & Painting','GREENFIELD','IN','46140','dshepdog999@aol.com','3178940999'
'MASTERLAWN INC','NOBLESVILLE','IN','46062','','3175750171'
'Devries Enterprises  Inc','Fishers','IN','46038','john@deiindy.com','3174600018'
'Invisible Fence Co Of Central Indiana','Fishers','IN','46038','bbennett@ifco-ci.com','3177763647'
'Greenwood Marble & Tile Co Inc','Greenwood','IN','46142','sales@greenwoodmarbletile.com','3178814180'
'Garage Doors of Indianapolis','Indianapolis','IN','46268','afterhours@doorstoday.com','3178754577'
'Jonesys Electric Co','Fishers','IN','46040','larryjones@jonesyselectric.com','3174856140'
'Glidden Fence Co Inc','Westfield','IN','46074','jeff@gliddenfencecoinc.com','3178445657'
'Bauer Pump & Well Service','Indianapolis','IN','46256','','3178421704'
'DECK RESCUE INC','Lebanon','IN','46052','dwoody@deckrescueinc.com','3173341394'
'Security Home Inspections','Carmel','IN','46032','concierge@securityhomeinspection.com','3178481744'
'The Greenskeeper','Carmel','IN','46032','rea@thegreenskeeper.com','3178467131'
'Mattingly Concrete  Inc','Indianapolis','IN','46280','info@mattcreteusa.com','3178674049'
'BRIGHT VIEW WINDOW CLEANING','INDIANAPOLIS','IN','46236','bkt0098@yahoo.com','3178260098'
'EAGLE HANDYMAN SERVICE','CARMEL','IN','46033','jfeagle@sbcglobal.net','3173721026'
'Appel Heating & Air Conditioning','Carmel','IN','46032','service@appelheat.com','3178460434'
'Premier Cleaners','Carmel','IN','46032','','3178481960'
'Scat Pest Control','Westfield','IN','46074','','3177586300'
'Brothers Floor Covering Inc','Indianapolis','IN','46220','gregh@brothers-floorcovering.com','3172510350'
'Faerber\'s Bee Window Inc','Fishers','IN','46038','pamfaerber1@beewindow.com','8002330169'
'Bone Dry Roofing  Inc.','Indianapolis','IN','46268','judd@bonedry.com','3178736005'
'ACME PLUMBING & DRAIN CLEANING','Indianapolis','IN','46226','','3175428277'
'Bill Greenwood','Carmel','IN','46032','bgreenwood@greenworkslawn.com','3176630222'
'Roto-Rooter Plumbing & Drain Services','Indianapolis','IN','46250','rotorooter.callcenters@rrsc.com','3172717506'
'Tinder Locksmith and Security Solutions','INDIANAPOLIS','IN','46220','service@tinderco.com','3172519003'
'Frost Upholstery','Indianapolis','IN','46201','frostupholstery@yahoo.com','3173531217'
'GLENDALE BODY SHOP','INDIANAPOLIS','IN','46240','jeanie.arney@yahoo.com','3172538221'
'ASHPAUGH ELECTRIC INC','WESTFIELD','IN','46074','brian@ashpaughelectric.com','3178962605'
'YOUNG & SONS ASPHALT PAVING','Whitestown','IN','46075','','3178448333'
'Rickleff Sons & Daughters Painting','Carmel','IN','46033','srickleff@aol.com','3175023199'
'McConnell & Michael Electrical Services Inc','Whiteland','IN','46184','debb3279@aol.com','3172514021'
'Mainstyle Flooring','Indianapolis','IN','46217','tamara.goff@mainstyleflooring.com','3177821213'
'Prestigious Carpet & Upholstery Care','Fortville','IN','46040','ronhobbs@embarqmail.com','3178493539'
'VOGT TILE & CARPET ONE','FISHERS','IN','46038','vogttilecarpet1@sbcglobal.net','3178490606'
'FIBERxperts Inc','Carmel','IN','46032','herbjones.welldone@sbcglobal.net','3175759300'
'SCOTT WORLEY UPHOLSTERY','INDIANAPOLIS','IN','46205','sewforty9er@sbcglobal.net','3172571011'
'Sigman Pump & Well Service','Indianapolis','IN','46250','','3178492505'
'GORDON PLUMBING INC','INDIANAPOLIS','IN','46256','jamie.busic@gordonplumbing.com','3178411400'
'Eagle Creek Nursery & Landscape','Indianapolis','IN','46278','mesterline@eaglecreeknursery.com','3172917660'
'Dowdy Electric Co','Indianapolis','IN','46239','dowdyelectric@comcast.net','3178625370'
'BROAD RIPPLE LOCK SERVICE INC','INDIANAPOLIS','IN','46220','liz@brlock.com','3172535389'
'All Phase Group Inc','Indianapolis','IN','46220','klcuppy@aol.com','3176940608'
'CARMEL CUSTOM REFINISHING','Indianapolis','IN','46268','carmelrefinishing@gmail.com','3178723999'
'Sherman Moving & Storage Company Inc','Indianapolis','IN','46227','jason@shermanmoving.com','3177845462'
'Langenwalter (of Marion and Hamilton County)','Carmel','IN','46032','julie@any-spot.com','3178769944'
'Tish Flooring','Indianapolis','IN','46268','harry@tishflooring.com','3178798474'
'NORM\'S MOVING & HAULING  INC','INDIANAPOLIS','IN','46205','norms4526@aol.com','3172536650'
'Bolden\'s Cleaning and Restoration Service','Noblesville','IN','46062','tjackson@boldens.com','3177737683'
'Gil\'s Lamp Repair','Indianapolis','IN','46220','gilslamprepair@gmail.com','3172558453'
'Showecker Masonry','Indianapolis','IN','46225','showeckers@aol.com','3174570063'
'Ace Vacuums Sales Service & Repair','Carmel','IN','46032','acevacs@gmail.com','3177338750'
'California Closets of Indianapolis','Indianapolis','IN','46250','mclaxton@calclosets.com','8663702208'
'Mr Window Inc','Indianapolis','IN','46280','mrwindow@mrwindowcompany.com','3178487282'
'Hamilton Garage Door Inc','Carmel','IN','46033','duanekeller@sbcglobal.net','3178442106'
'TOM BRINKER HARDWOOD FLOORS','NOBLESVILLE','IN','46062','oldsmith554@comcast.net','3173859471'
'Broad Ripple Tree Service Inc','Indianapolis','IN','46268','info@broadrippletree.com','3172931336'
'CHEM-DRY OF HENDRICKS & MARION COUNTIES','Brownsburg','IN','46112','sweetent@aol.com','3178520500'
'Custom Touch Irrigation Inc','Noblesville','IN','46060','germaine@ctirrigation.com','3177741888'
'Mr. Plumber by Metzler & Hallam','Carmel','IN','46032','tina.festa@mrplumberindy.com','3176606980'
'Turner Appliance Repair Inc','Indianapolis','IN','46217','turner.appliance@yahoo.com','3177889180'
'HICKORY ACRES BOARDING KENNELS','SHERIDAN','IN','46069','camping@hickoryacres.com','3177694296'
'Williams Comfort Air','Carmel','IN','46032','tina.festa@williamscomfortair.com','3176606979'
'Copp Roofing','New Palestine','IN','46163','copp21@comcast.net','3178619924'
'Mister Sparky','Indianapolis','IN','46239','info@mistersparkyindy.com','3174260988'
'Overhead Door of Indianapolis','Indianapolis','IN','46256','christy.spillman@installed.net','3178427444'
'Ostuni Tile','Indianapolis','IN','46205','ostunitile@yahoo.com','3172513678'
'Bye Bye Bugs Inc','Indianapolis','IN','46229','bugs@byebyebugs.com','3178974244'
'Airtron Heating & Air Conditioning','Indianapolis','IN','46203','indianapolis_info@resservices.com','3172255065'
'Critter Control of Indianapolis','Indianapolis','IN','46268','crittercontrol@sbcglobal.net','3177330340'
'Janco Lock Service Inc','Indianapolis','IN','46220','jancolo@sbcglobal.net','3174651818'
'SUSAN COLVIN INTERIORS','INDIANAPOLIS','IN','46220','scolvininteriors@aol.com','3172575105'
'Total Exterminating Co Inc','Indianapolis','IN','46239','dmiles451@comcast.net','3178465981'
'Glass Express Inc','Fishers','IN','46038','glassexpressindy@gmail.com','3178450482'
'DELELLO & SONS ASPHALT PAVING INC','WESTFIELD','IN','46074','adelello@delelloandsons.com','3178674444'
'PREFERRED PAINTING','MC CORDSVILLE','IN','46055','cecrowe272@yahoo.com','3175387022'
'MCCLEES ENTERPRISE INC','INDIANAPOLIS','IN','46256','mccleesent@sbcglobal.net','3178986100'
'AAMCO Transmissions & Complete Car Care','Indianapolis','IN','46201','ddd325@cs.com','3178451744'
'Detail Window Cleaning','Indianapolis','IN','46256','detailwc@yahoo.com','3178425326'
'Wood Lawn Care Inc','Indianapolis','IN','46234','snow1away@comcast.net','3172718807'
'First Friend K-9 Training','Fishers','IN','46038','firstfriendk9@yahoo.com','3178424199'
'Vogel Appliance Service','Indianapolis','IN','46219','sublettapplianceservice@yahoo.com','3173571186'
'The Caretakers','Indianapolis','IN','46219','','3173531106'
'Top Notch Masonry','Noblesville','IN','46060','mopatterson@att.net','3177739118'
'Dave\'s Home Improvement','Noblesville','IN','46062','davesimprovement@yahoo.com','3174033561'
'Tiffany Lawn & Garden Supply Inc','Indianapolis','IN','46268','joshua@tiffanylawn.com','3172284900'
'ANIMAL ARTS ACADEMY OF PET GROOMING','CARMEL','IN','46032','animalartsacademy@live.com','3175751122'
'Coomer Roofing Co','Indianapolis','IN','46217','doug@coomerroofing.com','3177837261'
'Earth-Wood Arts','Indianapolis','IN','46205','mike@earthwoodarts.com','3172537303'
'McAtee’s Painting','Noblesville','IN','46060','mcatee1960@sbcglobal.net','3175080098'
'INDY SHADES','GREENWOOD','IN','46142','stevecambridge15@yahoo.com','3178882334'
'Fellowship Refrigeration Heating & Cooling','INDIANAPOLIS','IN','46203','fhcshop@gmail.com','3177876221'
'All Green Inc','Indianapolis','IN','46268','admin@allgreenlawncare.com','3173479091'
'Ashley\'s Tree Service','Indianapolis','IN','46220','richard-ashley@comcast.net','3172537658'
'GREEN VISTA LANDSCAPING','Noblesville','IN','46060','tj_houghtalen@greenvistalandscaping.com','3177737911'
'Complete Tree Care Inc','Indianapolis','IN','46259','completetreecare@comcast.net','3177832518'
'Fields Gutter & Siding Inc','Pittsboro','IN','46167','gutterosa@aol.com','3178924527'
'Miss Vivian\'s Bed N Biscuit','Sheridan','IN','46069','','3177580025'
'CALIFORNIA CONNECTION GOURMET DELI','INDIANAPOLIS','IN','46220','','3175700727'
'Love Heating & Air Conditioning  Inc.','Indianapolis','IN','46201','rbaber@love-hvac.com','3173532141'
'Heldman Exteriors Inc','Indianapolis','IN','46201','heldmanexteriors@gmail.com','3172571169'
'ARS - Rescue Rooter Indiana - 8404','Indianapolis','IN','46241','ktidwell@ars.com','3173905555'
'AMERICAN HERITAGE SHUTTERS','INDIANAPOLIS','IN','46236','mraykeenan@comcast.net','3175986908'
'Four Seasons Home Care','Fishers','IN','46038','fourseasonsclean@hotmail.com','3174965868'
'Fadely Home Design','Fishers','IN','46037','fadelyhomedesign@aol.com','3175948693'
'REX MAY PLUMBING  INC.','INDIANAPOLIS','IN','46236','rexmayplbg@sbcglobal.net','3178236379'
'DAVE\'S APPLIANCE SERVICE INC','LEBANON','IN','46052','dappservinc@fastmail.fm','7654822131'
'SOLAR TINTING INC','Castleton','IN','46250','solartintinginc@gmail.com','3178495317'
'COMPREHENSIVE SERVICES','Greenwood','IN','46143','jeff.flora@comcast.net','3178611425'
'AAA Exterminating Inc','Noblesville','IN','46060','aaapests@aaapests.com','8888605474'
'Thiele Heating & Air Conditioning','Indianapolis','IN','46218','johnt@callthiele.com','3176391111'
'David Schulz','Indianapolis','IN','46205','','3172551390'
'Grout Solutions Inc','Carmel','IN','46032','cuhland@indy.rr.com','3175718453'
'Handyman Connection - Indianapolis','Indianapolis','IN','46224','indyhandyman@gmail.com','3174871312'
'Monteith Construction Co. Inc.','Greenwood','IN','46143','ron@monteithcorp.com','3175355311'
'RT Moore Co','Indianapolis','IN','46268','service@rtmoore.com','3172919888'
'ABC Roofing Co Inc','Avon','IN','46123','roofmanrod@yahoo.com','3172289882'
'BOWDEN CERAMIC TILE','Carmel','IN','46032','bowdenfamily5@gmail.com','3176276838'
'Gold Seal Termite & Pest Control Co','Indianapolis','IN','46201','goldsealpest@aol.com','3179244114'
'Indianapolis Soft Water Service','Indianapolis','IN','46220','info@indysoftwater.com','3178451911'
'Re-Bath Designs of Indianapolis','Indianapolis','IN','46220','rebathoreilley@sbcglobal.net','3172516464'
'MATTINGLY REMODELING','MC CORDSVILLE','IN','46055','josephbmattingly@gmail.com','3176501196'
'A-440 PIANO SERVICE','Fishers','IN','46038','dalea440@yahoo.com','3174460440'
'SCREENS ON SITE','NEW PALESTINE','IN','46163','screens4indy@aol.com','3178619000'
'Indiana Foundation Service','Whiteland','IN','46184','jclark@indianafoundation.com','3175351765'
'Dean Mithoefer Fences','Indianapolis','IN','46236','dmithoefer@comcast.net','3172584854'
'CARTE BLANCHE LIMOUSINE INC','ZIONSVILLE','IN','46077','barbara@carteblanchelimo.com','3178738600'
'MITE-E-DUCTS INC','ZIONSVILLE','IN','46077','info21@airduct.info','3177331012'
'Allisonville Nursery','Fishers','IN','46038','scott@allisonvillenursery.com','3178494490'
'CRAGEN LAWN CARE','GREENWOOD','IN','46143','cragenlawncare@aol.com','3178822525'
'Smith Hardwood Floors   Inc.','Indianapolis','IN','46227','','3177883196'
'Picture Perfect Home Improvements','Fortville','IN','46040','picperfectinc@aol.com','3174670776'
'Malless Auto Service','Indianapolis','IN','46268','mallessauto@live.com','3173298039'
'BPI OUTDOOR LIVING','INDIANAPOLIS','IN','46220','jd@bpioutdoorliving.com','3172594062'
'DECKMASTERS','GREENWOOD','IN','46142','deckmastersofindy@sbcglobal.net','3178893634'
'Sunblest Lawn Care Basics','Indianapolis','IN','46256','info@sunblestlawncare.com','3175708000'
'Groves Appliance Repair','Greenwood','IN','46143','grovesappliance@sbcglobal.net','3178884541'
'Moss Home Improvements Inc','Indianapolis','IN','46227','info@mosshomeimprovements.com','3177843227'
'Nick Rayman Landscape Inc','Indianapolis','IN','46214','nraymanlsc@att.net','3172711264'
'Another You Inc','Greenville','TX','75402','jstephenson@another-you.com','9032596415'
'NAZARETH BUILDING SERVICES INC','Zionsville','IN','46077','info@nazarethbuildingservices.net','3178730454'
'Spearing & Son Plumbing','Indianapolis','IN','46239','ericwlewis@comcast.net','3176039253'
'CK Design & Build','Indianapolis','IN','46219','admin@ckdesignandbuild.com','3178995282'
'SIMMONS AUTO REPAIR SERVICE','GREENFIELD','IN','46140','simmonsautomotive@outlook.com','3174621408'
'Dave\'s Painting Service','Carmel','IN','46082','dave@davespaintingservice.com','3178465383'
'SHANE\'S OUTDOOR LIVING & LANDSCAPES','FORTVILLE','IN','46040','info@shaneslandscape.com','3174856514'
'AFFORDABLE WINDOWS & CONSTRUCTION','NOBLESVILLE','IN','46060','siryoda3@aol.com','3177732120'
'AJ\'S LAWN CARE LLC/AJ\'S FIREWOOD','INDIANAPOLIS','IN','46228','','3172911002'
'Any Color You Like','Brownsburg','IN','46112','mark@anycoloryoulike.com','3175143468'
'Ping\'s Tree Service Inc','Indianapolis','IN','46254','','3172988482'
'NEWBY & SON','INDIANAPOLIS','IN','46224','','3172931469'
'MAY SEALING LLC','NOBLESVILLE','IN','46061','mayseal@yahoo.com','3177761010'
'Wesley\'s Landscape & Lawncare  Inc.','Westfield','IN','46074','info@wesleyslandscape.com','3178671796'
'Horizon Bank','Indianapolis','IN','46260','cstrawn@horizonbank.com','3175749292'
'BULLSEYE FENCE DESIGN INC','NOBLESVILLE','IN','46061','bullseye@ori.net','3177740197'
'HITTLE CONSTRUCTION INC','Westfield','IN','46074','justin@hittleconstruction.net','3178969073'
'Adkins Draperies & Blinds','Westfield','IN','46074','','3178963833'
'BURNEY\'S PLUMBING','Plainfield','IN','46168','k9mojosmom@yahoo.com','3178399662'
'KEEPSAKE MEDIA GROUP','Carmel','IN','46032','jbritt@keepsakemediagroup.com','3178439335'
'Circle City Movers Inc','Indianapolis','IN','46241','circlecitymovers@yahoo.com','3172447525'
'Fine Painting Inc','Indianapolis','IN','46236','sales@finepaintinginc.com','3178264524'
'T A Kaiser Heating & Air Inc','Indianapolis','IN','46254','chris@takaiser.com','3172971622'
'AP Inspections & Environmental Services','Indianapolis','IN','46220','steve@apenvironmental.com','3175771300'
'William J Ciriello Plumbing Co Inc','Beech Grove','IN','46107','info@cirielloplumbing.com','3177875391'
'Dan\'s carpentry','Indianapolis','IN','46240','darchibald@sbcglobal.net','3172552635'
'TRENT COMPANIES','CARMEL','IN','46082','trtrent@sbcglobal.net','3178462284'
'Annee & Matry Heating & Cooling','Indianapolis','IN','46217','anneematryheating@sbcglobal.net','3178819184'
'Central Paving Of Indianapolis','Fortville','IN','46040','centralpaving57@aol.com','3172555650'
'BUSBY DRILLING CO INC','ANDERSON','IN','46011','busbydrilling@gmail.com','7656422092'
'FREEMAN MICROWAVE OVEN SERVICE','INDIANAPOLIS','IN','46229','freeman4775@sbcglobal.net','3178445453'
'BARTHULY IRRIGATION INC','ZIONSVILLE','IN','46077','ken@barthulyirrigation.com','3178733700'
'A-1 Indiana Waterproofing Inc','Avon','IN','46123','contact@a-1indianawaterproofing.com','8008716322'
'Moore Construction Services','Camby','IN','46113','carolmoore44@att.net','3178311108'
'Dave Lewis','Indianapolis','IN','46237','sparky41757@gmail.com','3175903712'
'Augusta Underground Inc','Indianapolis','IN','46268','augustaunderground2007@yahoo.com','3172915969'
'Mid-West Comfort Express Inc','Brownsburg','IN','46112','chip@makeitmowery.com','3178522958'
'Universal Roofing LLC','Indianapolis','IN','46220','justin@universalrfg.com','3172570779'
'Action Air Inc','Fishers','IN','46038','actionair@sbcglobal.net','3175858981'
'Mowercare Inc','Noblesville','IN','46060','mowercareindy@gmail.com','3175668545'
'JAMCO INC','INDIANAPOLIS','IN','46203','jamco1@sbcglobal.net','3177862841'
'Precision Comfort Systems Inc','Westfield','IN','46074','dan@precisioncomfort.com','3178672665'
'GLICK\'S DRYWALL ENTERPRISES INC','INDIANAPOLIS','IN','46226','glicksdrywall@gmail.com','3178958470'
'Lifestyle Group Residential Remodeling','Indianapolis','IN','46203','info@lifestylegroup.com','3173529022'
'Bab & Co Hairdesigners','CARMEL','IN','46033','babandco@sbcglobal.net','3178448885'
'ABDA INC CUSTOM WINDOW FASHIONS','INDIANAPOLIS','IN','46234','pat@abdawindowfashions.com','3172738343'
'ChemDry By Kevin Jones','Indianapolis','IN','46234','kevin@chemdrybykevinjones.com','3175379711'
'Johnson Heating Cooling Plumbing','Greenwood','IN','46143','darla@johnsoncomfort.com','3178817738'
'Decks of Distinction','Indianapolis','IN','46268','tom@thedeckstore.comcastbiz.net','3174718510'
'The Noll Landscape Group Inc','Fishers','IN','46038','mike@nolllandscape.com','3178417559'
'Hughey Hartman Upholstery','Carmel','IN','46032','larry@upholsteryguy.com','3178444800'
'DECKS BY WADSWORTH','Greenwood','IN','46143','decksbywadsworth@comcast.net','3174228888'
'T Morgan Construction Inc','Indianapolis','IN','46229','tim@tmorganconstruction.com','3179558984'
'GreenTurf','Indianapolis','IN','46278','greenturf@indy.rr.com','3172994511'
'Meridian Piano Movers','Indianapolis','IN','46268','ed@meridianpianomovers.com','3174429526'
'Weilhammer Plumbing','Indianapolis','IN','46203','weilhammermark@yahoo.com','3177140759'
'A Danny Phillips Plumbing','Indianapolis','IN','46268','phillipsmardan@comcast.net','3178769959'
'Morz Plumbing','Mooresville','IN','46158','morzplumbing@att.net','3178313028'
'Best Rentals','INDIANAPOLIS','IN','46201','jason@bestrentals.net','3176383515'
'Indiana Restoration and Cleaning Services Inc','Noblesville','IN','46060','jsmith@indianarestoration.com','3177769942'
'The Mad Hatter Chimney Service','INDIANAPOLIS','IN','46220','dennislamb@madhatterindy.com','3175960200'
'Limpus Cabinet Sales Co.  Inc.','INDIANAPOLIS','IN','46219','limpuscab@sbcglobal.net','3178970373'
'Jeff\'s Handyman and Painting','Indianapolis','IN','46239','remodelingbyjeff@gmail.com','3173667960'
'Agape Painting','Indianapolis','IN','46218','agapepaint@comcast.net','3177102960'
'Tire Central And Service Beech Grove','Indianapolis','IN','46203','johnm@tirecentralandservice.com','3177870111'
'WITT PEST CONTROL LLC','INDIANAPOLIS','IN','46237','firelt11@aol.com','3177878106'
'McCarty Mulch & Stone','Greenwood','IN','46142','sales@landscapemulch.com','3178851985'
'Floor Crafters Inc','Carmel','IN','46032','greggg@fci-indy.com','3178432272'
'Circle City Pest Control Co','Evansville','IN','47715','saram@actionpest.com','3175471308'
'John Baker Jr. Creative Painting & Wallcovering','Indianapolis','IN','46208','jbcreative1981@gmail.com','3177966016'
'Custom Portraits by Kurt & Laura','Westfield','IN','46074','kl@kurtandlaura.net','3175699688'
'Short\'s Painting Inc','Indianapolis','IN','46226','info@shortspainting.com','3175621290'
'COOPER\'S WATER CONDITIONING','ZIONSVILLE','IN','46077','cooperswater@yahoo.com','3178707773'
'AMERICA\'S BEST PATIO ROOMS','INDIANAPOLIS','IN','46219','bestpatioman@yahoo.com','3173531227'
'Rudy\'s Watch & Jewelry Repair','Indianapolis','IN','46254','rudysrepair@sbcglobal.net','3172936698'
'Stevens Wallcovering','Indianapolis','IN','46226','jazsuzstevens@sbcglobal.net','3175428336'
'W F Hann & Sons','BEDFORD','OH','44146','jshafer@wfhann.com','2168314200'
'Mayer Plumbing & Heating','CLEVELAND','OH','44129','service@mayerplumbingco.com','4408852800'
'Gorjanc Comfort Services','Highland Heights','OH','44143','service@gorjanc.com','4404494411'
'Arslanian Brothers','CLEVELAND','OH','44128','don@arslanianbros.com','2162716888'
'Motorcars Honda','CLEVELAND','OH','44118','chuckgile@motorcarshonda.com','2169322400'
'Eagle Landscaping Inc','Chesterland','OH','44026','cmcauley@newfpa.com','2163821065'
'P.K. Wadsworth Heating  Cooling','Solon','OH','44139','kim@pkwadsworth.com','4402482110'
'Strongsville Heating & Air Conditioning Inc','Strongsville','OH','44149','service@strongsvilleheating.com','4402389080'
'Neubert Painting','Lakewood','OH','44107','john@neubertpainting.com','2165290360'
'Brad Smith Roofing Co Inc','Westlake','OH','44145','bradsmithroofing@hotmail.com','4408353377'
'WIEMELS-HIROS PLUMBING CO','CLEVELAND','OH','44111','hirosplumb@sbcglobal.net','2162513283'
'AMERICAN PLASTER & DRYWALL','CLEVELAND','OH','44126','trowelman54@yahoo.com','4403336208'
'ACCURATE CONCRETE LEVELING','STRONGSVILLE','OH','44136','stobac@sbcglobal.net','4405725141'
'Decker Appliance Service Inc','Cleveland','OH','44119','deckerapplserv@att.net','2164867200'
'LIGHTNING SERVICE','Parma Heights','OH','44130','','4408865501'
'A CHIM CHIMNEY & MASONRY','NORTH OLMSTED','OH','44070','rich12275@aol.com','2162404260'
'ARTISAN BODYWORKS/MARTIN BENADE','CLEVELAND','OH','44115','martinbenade@yahoo.com','2164311112'
'Wolf Appliance Repair','CLEVELAND','OH','44118','wolfappliance@aol.com','2169326003'
'Grimestoppers','Willoughby','OH','44094','grimestoppers@att.net','4409543288'
'HEIGHTS ROOFING INC','CLEVELAND','OH','44120','heightsroofing@sbcglobal.net','2164910224'
'ROYAL CENTAUR CONSTRUCTION CO INC','NORTH ROYALTON','OH','44133','royalcentaur@sbcglobal.net','4402372639'
'Luxury Heating Co','Elyria','OH','44035','paul.luxuryheating@windstream.net','4407233239'
'Automotive Excellence Inc','North Royalton','OH','44133','ryan@autoexinc.com','4405822826'
'The Lusty Wrench','Cleveland Heights','OH','44118','lustywrench@gmail.com','2163718150'
'Sirl\'s Automotive Inc','CLEVELAND','OH','44130','','4408439000'
'Northcoast Energy Masters','Chesterland','OH','44026','ncemoh@gmail.com','4404398250'
'Wagner Home Improvement','CLEVELAND','OH','44126','sales@wagnerhomeimprovement.com','4407342473'
'American Plumbing Inc','Westlake','OH','44145','americanplumbing@oh.rr.com','4408718293'
'M L Scott & Sons Inc','INDEPENDENCE','OH','44131','mlscott800@gmail.com','2169411414'
'CRAFT-MAN PAINTING AND REPAIR','CLEVELAND','OH','44121','craftmanpainting@yahoo.com','2163816888'
'Runyon & Sons Roofing','Mentor','OH','44060','todd@runyonroofing.com','4409746810'
'GEROME\'S KITCHENS & BATHS','CLEVELAND','OH','44124','gkitchensb@sbcglobal.net','4404731900'
'Raymonds Plastering & Decorating','Euclid','OH','44123','lildom21@gmail.com','2165434045'
'DOVER HOME REMODELERS INC','NORTH OLMSTED','OH','44070','orrb@doverremodeling.com','4407777555'
'Pride Remodeling Co Inc','STRONGSVILLE','OH','44149','paul@prideremodeling.net','4408461050'
'HARE ELECTRIC INC','Rocky River','OH','44116','behare@aol.com','4403314333'
'Frederick\'s Floor Covering And Cabinetry','Cleveland','OH','44134','nick@ffc.ohiocoxmail.com','4408451880'
'Pro-Clean Carpet Service LLC','Independence','OH','44131','proclean4059@aol.com','2165244059'
'A Caserta Inc - Painting & Paper Hanging','CLEVELAND','OH','44124','shirleycaserta@sbcglobal.net','4404601949'
'Home Exteriors','Northfield','OH','44067','insulater@aol.com','3304681505'
'Hatcher Plastering Inc','Willoughby','OH','44094','hatcher776@aol.com','4402561809'
'The Plumbing Source','Cleveland','OH','44128','greg@plumbingsource.net','2163650600'
'Supreme Window & Glass','CLEVELAND','OH','44118','norm@supremewindow.net','2163713337'
'The House Surgeon','Beachwood','OH','44122','herscheycohen@sbcglobal.net','2165593939'
'APPROVED ROOF SYSTEMS INC','CLEVELAND','OH','44124','approvedroofsystems@zoominternet.net','2165410030'
'MIKE\'S SERVICE','CLEVELAND','OH','44118','cars2fix@sbcglobal.net','2163210553'
'Sam\'s Lock & Key','CLEVELAND','OH','44121','lockman310@aol.com','2163815625'
'Lakewood Furnace Co','Lakewood','OH','44107','info@ lakewoodfurnace.com ','2162212036'
'CLEVELAND GLASS BLOCK/ CLEVELAND WINDOW CO/BATH DR','Cleveland','OH','44105','info@innovatebuildingsolutions.com','2165316363'
'Sal\'s Heating & Cooling Inc','North Royalton','OH','44133','sal@salsheatandcool.com','4405824748'
'Stack Heating and Cooling','AVON','OH','44011','brian@stackheating.com','4407233021'
'American Wood Reface','Medina','OH','44256','jason@woodreface.com','8006454594'
'B-DRY SYSTEM CLEVELAND','BEDFORD','OH','44146','bdrycleveland@sbcglobal.net','4404398033'
'GEAUGA DOOR SALES & SERVICE','BURTON','OH','44021','geaugadoor@sbcglobal.net','4408344949'
'COHEN\'S PAINTING & PAPERING  LLC','MENTOR','OH','44060','bizymn@aol.com','4402098570'
'Top Hat Chimney Sweeps Inc','CLEVELAND','OH','44125','tom@tophatchimneysweepsinc.com','2165245431'
'Broadview Heating','Broadview Heights','OH','44147','broadviewheating@sbcglobal.net','4405267310'
'Smooth Door','CLEVELAND','OH','44121','mjn98@oh.rr.com','2163813947'
'ROBIN WINDOW & GUTTER CLEANING','LAKEWOOD','OH','44107','jimmylee1045@hotmail.com','2165299013'
'ROTH CONSTRUCTION AND CLEANING CO','CLEVELAND','OH','44135','lrothacker@rothconstruction.com','2162678330'
'Benedict  Roofing','Columbia Station','OH','44028','rbbenedict@roadrunner.com','4402386485'
'Pompeii\'s Plumbing & Heating Inc','Avon','OH','44011','dispatcher@pompeiis.com','4407232951'
'BAUER\'S PROFESSIONAL TOUCH PLANTS','Independence','OH','44131','bauersprotouch@sbcglobal.net','2163517171'
'ROLEN BROTHERS FENCE CO INC','CLEVELAND','OH','44102','antnelly@aol.com','2166312111'
'Clink Building & Contracting INC','HINCKLEY','OH','44233','pokadot923@hotmail.com','8882782476'
'Cleveland Air Comfort','Solon','OH','44139','adilauro2@neohio.twcbc.com','4402321861'
'Verne & Ellsworth Hann','CLEVELAND','OH','44118','info@hannheatingcooling.com','2169329755'
'Wilson Tree Service','North Ridgeville','OH','44039','maw5281@aol.com','4403530083'
'T & S Mower Service Inc','Olmsted Falls','OH','44138','gthompson@tsmower.com','4402354317'
'Dave\'s Electric','Cleveland','OH','44118','dave@daves-electric.com','2163711580'
'Litt\'s Plumbing Kitchen and Bath Gallery','CLEVELAND','OH','44130','joshua.payner@littsplumbing.com','4408844600'
'Henry Fence Inc','MENTOR','OH','44060','service@henryfence.com','4409519009'
'S Bradley Co Ltd','Willoughby','OH','44094','sbradleycompanyltd@msn.com','4409549525'
'Approved Plumbing Co','Broadview Heights','OH','44147','info@approvedplumbing.com','4405262905'
'Greg\'s Piano Forte','Lakewood','OH','44107','gpf@ameritech.net','2162263791'
'NORTHCOAST MOVING INC.','BEACHWOOD','OH','44122','ncmoving1@aol.com','2162835533'
'Northeast Ohio Fence  & Deck  Inc','Maple Heights','OH','44137','northeastohiofence@sbcglobal.net','2165187444'
'Huckabee Masonry Inc','Cleveland','OH','44120','mr-huck@msn.com','2167510183'
'ABC Insulation','Brunswick','OH','44212','stevespaeth@frontier.com','4402384392'
'Powwer Washing Plus Co','Lakewood','OH','44107','kalincleve@aol.com','2162261871'
'A GARBER UPHOLSTERY','CLEVELAND','OH','44118','alexgarber4@hotmail.com','2163718550'
'Homenik Door Co Inc','North Ridgeville','OH','44039','','4403277270'
'Mister Mason','CLEVELAND','OH','44125','jimgelo@msn.com','2164419588'
'Professional Chimney & Air Duct Service  Inc.','Bedford','OH','44146','cheringary@sbcglobal.net','2164029151'
'Campea & Sons Construction Inc','North Royalton','OH','44133','campeaandsons@aol.com','4402370700'
'All Makes Vacuum','Cleveland Heights','OH','44118','allmakesvacuum@yahoo.com','2163718227'
'Imperial Home Center  Inc.','Lakewood','OH','44107','darlene@imperialhomecenter.com','2162216955'
'NU-FRONTS INC','STRONGSVILLE','OH','44136','dariusdba@sbcglobal.net','4402386288'
'Dominion Pest Control','INDEPENDENCE','OH','44131','','4408881388'
'KITCHEN DESIGN CENTER','CLEVELAND','OH','44125','scotth@kdc-ohio.com','2165249100'
'Cluttered Solutions','Medina','OH','44256','organized007@gmail.com','2165983136'
'Brickfixers','Cleveland','OH','44110','lance@brickfixer.com','2163714304'
'DIAMOND CUT LAWN CARE','CLEVELAND','OH','44109','mstraf@yahoo.com','2168494461'
'DROBA HOME IMPROVEMENT','WESTLAKE','OH','44145','ddroba@wowway.com','4408355500'
'PATTISON LANDSCAPING','Westlake','OH','44145','','4407344203'
'CASTLE GLASS INC','CLEVELAND','OH','44128','castleglassinc@yahoo.com','2163329000'
'B McDermott Plumbing Co','Cleveland','OH','44134','bcmcd19924@yahoo.com','2167415131'
'Hoban Pest Control','Avon','OH','44011','hobanservices@centurytel.net','4408992224'
'The Home Corporation','Beachwood','OH','44122','hschoen@garfield12323.com','2164212323'
'J & J Professional Services','Independence','OH','44131','jandjprofessionalservices@gmail.com','2163282702'
'Dave\'s Auto Care','Willoughby','OH','44094','dave@davesauto.com','4409468414'
'Ace Wildlife Service','Cleveland','OH','44109','acewildlife@ameritech.net','2164590903'
'Unique Tree & Lawn Care Services Inc','Elyria','OH','44035','uniquetonmar@oh.rr.com','4403658380'
'Ken\'s Parkhill Roofing Co Inc','Willoughby','OH','44094','kjromanini@parkhillroofing.com','2163817414'
'Fixzit Man by Johnson Heating & Cooling','Bedford','OH','44146','fixzitman@sbcglobal.net','4402328086'
'Shaker Quality Auto Body','Cleveland','OH','44120','rmeister39@att.net','2162297846'
'DISILVESTRO ROOFING CO','WESTLAKE','OH','44145','info@disilvestroroofing.com','4408990242'
'Len\'s Heating & Air Conditioning','North Royalton','OH','44133','len@lensheating.com','4405820100'
'Marshall Carpet One','Mayfield Heights','OH','44124','office@marshallcarpet.com','4404494977'
'Gaetano Cement Contractor LLC','Chagrin Falls','OH','44023','gaetanocement@gmail.com','4407201175'
'Two Men & a Truck','Wickliffe','OH','44092','info0021@twomen.com','4409433900'
'A-1 MR LIMO','WICKLIFFE','OH','44092','judy@a1mrlimo.com','4409435466'
'A & J Insulation Inc','Cleveland','OH','44135','shaktrac@aol.com','4408861050'
'Affordable Tree services of Ohio LLC','Oberlin','OH','44074','tree.adams@yahoo.com','4408928595'
'T J FARINACCI LANDSCAPING INC','EUCLID','OH','44132','machine868@ameritech.net','4406469125'
'A NEW IMAGE HEATING & COOLING INC','CLEVELAND','OH','44128','anewimageheating@gmail.com','2168969500'
'Pro Cut Landscape Development','Valley City','OH','44280','mike@procutlandscapes.com','4408468100'
'CLASSIC FLOORS INC','WESTLAKE','OH','44145','appliedv@yahoo.com','4402508866'
'SEE THRU WINDOW CLEANING','AVON LAKE','OH','44012','seethruwindowray@gmail.com','4409332998'
'J PAUL\'S SEAMLESS GUTTERS','CLEVELAND','OH','44143','jrp92867@sbcglobal.net','4404619489'
'Frank Scherer','Berea','OH','44017','llscherer@sbcglobal.net','4408261277'
'The Husney Companies','Olmsted Falls','OH','44138','info@husneyconstruction.com','4407489300'
'Mighty Air Ducts Inc','Oakwood Village','OH','44146','pat@mightyducts.com','8884644489'
'ANDY\'S AUTO BODY','BROADVIEW HEIGHTS','OH','44147','jahelbig@aol.com','4408384343'
'Beckwith Heating & Cooling Inc','Akron','OH','44305','bruce@beckwithheatcool.com','3309231333'
'Blind And Sons LLC','Barberton','OH','44203','','3307537711'
'All County Drainage Contractors','Cuyahoga Falls','OH','44221','redg3@sbcglobal.net','3309287367'
'ECHOLS HEATING & AIR CONDITIONING INC.','Akron','OH','44319','josh@echolsheating.com','3307733500'
'Eastside Maytag Home Appliance','Akron','OH','44312','east585@aol.com','3307332411'
'Thompson Electric Inc','Munroe Falls','OH','44262','info@thomspsonelectric.com','3306862300'
'Quality Heating & Cooling','North Canton','OH','44720','adriann@qualityheatingandcooling.com','3304978299'
'The Davey Tree Expert Co- Akron','Stow','OH','44224','info@davey.com','3309284911'
'Skettle Electric Inc','University Heights','OH','44118','kathy@skettleelectric.com','2169322598'
'WindowPRO','Middleburg Heights','OH','44130','tsandefur@windowpro.com','8666208947'
'CHRISTOPHER\'S CAR CARE','TALLMADGE','OH','44278','info@christopherscarcare.com','3306309920'
'JENNINGS HEATING & COOLING','AKRON','OH','44305','service@jenningsheating.com','3307841286'
'Pella Windows And Doors','Bedford','OH','44146','communitymanager@pella.com','8668840729'
'Brandon Heating and Air Conditioning','Stow','OH','44224','pwalter@brandonheating.com','3306869828'
'Swan Plumbing Heating & Electrical Co Inc','Richfield','OH','44286','paulswan@aol.com','3306596233'
'Jackson Comfort Heating & Cooling Systems Inc','Northfield','OH','44067','info@jacksoncomfort.com','3304683111'
'Akron Auto Clinic','Akron','OH','44307','info@akronautoclinic.com','3304349740'
'Stanley Steemer','Akron','OH','44319','matt.reda@steemer.com','8007833637'
'Roto-Rooter Plumbing & Drain Services','Stow','OH','44224','pat.swanson@rrsc.com','3307624433'
'RAY\'S CLEANING SERVICE','CLEVELAND','OH','44124','rnicolli@aol.com','4404494030'
'Richard Nowicki','Willoughby','OH','44094','jaybird3965@aol.com','4409514662'
'Neatnics The Home Repair Co','Chagrin Falls','OH','44023','fixit@neatnics.com','4402477009'
'Savarino Brothers Garden Center','BEDFORD','OH','44146','tonsav@gmail.com','4404395358'
'Gutter Works','NORTHFIELD','OH','44067','gutterworks@windstream.net','2162351145'
'Zemco Roofing & Repairs Inc','Willoughby','OH','44094','zembab@sbcglobal.net','4409511466'
'Lyndhurst Animal Clinic','CLEVELAND','OH','44124','lac@lyndhurstanimalclinic.com','4404496644'
'Autocenters','Wickliffe','OH','44092','dowlingpaul9@yahoo.com','4409449494'
'DeVites Concrete Leveling','Cleveland','OH','44109','','2162697000'
'Fairview Home Improvement','Cleveland','OH','44126','fairviewhomeimp@wowway.com','4407341313'
'THE GUTTER COVER CO','Elyria','OH','44035','guttercoverco@windstream.net','4403660688'
'KAPSALIS HARDWOOD FLOORING','LAKEWOOD','OH','44107','lmkapsalis@att.net','2163379103'
'JMAC Home Services','Olmsted Falls','OH','44138','jmachome1@gmail.com','4402432995'
'Newman & Company CPAs','Cleveland','OH','44114','newman@newmancpas.com','2162412727'
'General Pest Control','Cleveland','OH','44135','gpc@generalpest-ohio.com','2162527140'
'ROLLING THUNDER WINDOW & GUTTER CLEANING','NORTH RIDGEVILLE','OH','44039','rickwinrod@aol.com','4408976317'
'Webber Floor Covering','Maple Heights','OH','44137','webberfloor@sbcglobal.net','2166625370'
'Lawnman Yardcare Inc','Rocky River','OH','44116','','4404588723'
'Hinding Company Heating & Air','SAINT PAUL','MN','55102','tom@hindingheating.com','6512281303'
'Tiller\'s Steam Carpet Cleaning Inc','Hopkins','MN','55343','edtiller52@msn.com','9529358900'
'Crystal Lake Automotive Inc','Lakeville','MN','55044','info@crystallakeauto.com','9524359800'
'AAA PLUMBING BY NEWSTROM','SOUTH SAINT PAUL','MN','55075','','6514513861'
'Snelling Heating Cooling Electrical','St. Paul','MN','55104','chadk@snellingcompany.com','6516467381'
'North Star Plumbing & Heating','Saint Paul','MN','55105','northstarplmg@gmail.com','6516992725'
'Rascher Plumbing and Heating','Saint Paul','MN','55107','joe@rascherplghtg.com','6512244759'
'RITE-WAY PLUMBING INC','STILLWATER','MN','55082','jeanc@usinternet.com','6513421210'
'Apollo Heating & Ventilating  An A.C.M company','Oakdale','MN','55128','apolloaaron@live.com','6517700603'
'PRO-TECH AUTO REPAIR','Corcoran','MN','55340','contact@pro-techautorepair.com','7634203060'
'Peak Heating & Cooling  Inc','Chanhassen','MN','55317','andy@peakheatingandcooling.com','9524741725'
'Tony\'s Appliance Inc','Burnsville','MN','55337','tony@tonysappliance.com','9524352442'
'Standard Heating & Air Conditioning Inc','Minneapolis','MN','55411','info@standardheating.com','6128242656'
'Barnes Plumbing Co','Minneapolis','MN','55412','barnesplumbing@yahoo.com','6125291172'
'Sela Roofing and Remodeling','Saint Louis Park','MN','55416','info@selaroofing.com','6128238046'
'Les Jones Roofing Inc','Minneapolis','MN','55420','leslie@lesjonesroofing.com','9528812241'
'Gates General Contractors Inc','Plymouth','MN','55447','bruce@gatesgeneralcontractors.com','7635500043'
'DISCOUNT WINDOWS & WARES INC.','Saint Paul','MN','55113','mark@diswin.com','6516333308'
'Norblom Plumbing','Minneapolis','MN','55408','info@norblomplumbing.com','6128274033'
'AUTOMOBILE SERVICE CO','MINNEAPOLIS','MN','55416','','9529290615'
'Harrison Electric Inc','MINNEAPOLIS','MN','55441','mail@harrison-electric.com','7635443300'
'Beissel Windows & Siding Co','Saint Paul','MN','55118','jeff@beisselwindows.com','6514516835'
'HAMLINE-HOYT SERVICE INC','Saint Paul','MN','55108','hamhoy@usfamily.net','6516455434'
'Minnesota Exteriors Inc','Osseo','MN','55369','breiner@mnext.com','7634935500'
'Dan Netko Exteriors Inc','Big Lake ','MN','55309','netko1@izoom.net','7637840227'
'B & D Plumbing  Heating & Air Conditioning Inc.','SAINT MICHAEL','MN','55376','tdaleiden@bdplumbers.com','7634972290'
'S & R Heating  Cooling & Appliance Repair','White Bear Lake','MN','55110','srappliance@qwestoffice.net','6514290001'
'idc-automatic The Garage Door Place','Minneapolis','MN','55433','jjohnson@idcdoors.com','7637864730'
'BLUHM BROTHERS LANDSCAPING INC','SAINT PAUL','MN','55117','eden@bluhmbrothers.com','6512272584'
'RYAN PLUMBING & HEATING CO','SAINT PAUL','MN','55104','ryanplumbing@comcast.net','6512244771'
'RICHMOND ROOFING INC','Solon','OH','44139','infor@richmondroofinginc.com','4403948208'
'Menomonee Falls Carpet Cleaning Inc','Menomonee Falls','WI','53051','mfcarpetcleaning@gmail.com','2622552004'
'Dave Droegkamp Heating A/C Sheet Metal Inc','Hartland','WI','53029','duanel@davedroegkamp.com','2623672820'
'JJ\'s Plumbing Repair','Grafton','WI','53024','office@jjsplumbing.com','2623777161'
'Northwest Roofing Inc','Colgate','WI','53017','info@northwestroofing.net','4143427220'
'Droegkamp Furnace Co','Pewaukee','WI','53072','dfco@att.net','2626912444'
'Joe Wilde Company Inc','New Berlin','WI','53151','info@joewilde.com','2627820500'
'American Imports Inc','Menomonee Falls','WI','53051','jeff@americanimportsautorepair.com','2622554470'
'Dave\'s Appliance Service','Menomonee Falls','WI','53051','scott.munson@earthlink.net','2622532200'
'Donovan & Jorgenson Inc','New Berlin','WI','53151','','2627846440'
'Current Electric Co','Brookfield','WI','53005','info@currentelectricco.com','2627865885'
'KANE ELECTRIC LLC','BROOKFIELD','WI','53005','kaneelectric@sbcglobal.net','2627904441'
'Vince Ingrilli & Sons Plumbing Co Inc','Milwaukee','WI','53213','viplumbing@gmail.com','4142581100'
'Greitens Auto Service','Milwaukee','WI','53213','kpbtech1@gmail.com','4142585744'
'Hartlaub Plumbing Heating & Cooling And Electric','New Berlin','WI','53146','mikehartlaub@gmail.com','2624360784'
'Rozga Plumbing & Heating Corp','West Allis','WI','53214','anowack@rozgacorp.com','4142589911'
'Christina\'s Carpet Care','Milwaukee','WI','53221','scrrapd@wi.rr.com','4142814491'
'D & M HEATING & AIR CONDITIONING INC','MILWAUKEE','WI','53221','dandmheating@sbcglobal.net','4142815350'
'Tom\'s Dependable Heating & Cooling Inc','Milwaukee','WI','53221','judytdh@tds.net','4142823377'
'M & W HOME IMPROVEMENT','WAUKESHA','WI','53188','mwhi@milwpc.com','4143339593'
'COMMUNITY ROOFING & RESTORATION','MILWAUKEE','WI','53217','josh.fraundorf@gmail.com','4143321139'
'A-1 Quality Steam','SAINT FRANCIS','WI','53235','lnjohns@sbcglobal.net','4144811884'
'Dave\'s Magikist Inc','Milwaukee','WI','53205',' josh@davesmagikist.com','4143444380'
'Burkhardt Heating and Air Conditioning','Brown Deer','WI','53209','burkhardtsheating@msn.com','4143555520'
'Robert Griffiths','Milwaukee','WI','53224','rgriffiths@jdgriffiths.com','4143627222'
'Seider Heating & Plumbing Inc','Waukesha','WI','53209','bseider@seider.com','4143541180'
'WM A Zachow & Sons Inc','Brookfield','WI','53005','service@zachowplumbing.com','2623731822'
'FISCO AUTO BODY  INC.','FRANKLIN','WI','53132','mail@fiscoautobody.com','4144256100'
'Gross Heating & Air Conditioning Inc','Brookfield','WI','53005','','2627835050'
'BURLEIGH BRAKE & ALIGNMENT','MILWAUKEE','WI','53222','lwatersjr@msn.com','4144448840'
'Felsing Service Inc','Milwaukee','WI','53222','info@felsingservice.com','4144456670'
'Budget Builders LLC','Milwaukee','WI','53223','','4143620331'
'Bintz Heating & Sheet Metal Co','Milwaukee','WI','53209','steve@bintzheat.com','2622936490'
'Chamberlin Co Inc','Wauwatosa','WI','53213','tnolan@chamberlinco.com','4144762143'
'Callen Construction Inc','Muskego','WI','53150','christi.pryor@callenconstruction.com','4145295509'
'Gene A Wagner Plumbing Co Inc','Milwaukee','WI','53219','carrie@genewagnerplumbing.com','4145419217'
'BAYCHAR AUTO SERVICE','MILWAUKEE','WI','53219','baycharauto@yahoo.com','4145434111'
'Roman Electric Co Inc','Milwaukee','WI','53214','anthonys@romanelectric.com','4147715400'
'Champion Window of Milwaukee','MILWAUKEE','WI','53222','milwaukee@championfactorydirect.com','4143752780'
'Oak Creek Automotive Inc','Oak Creek','WI','53154','oakcreekauto@aol.com','4147613250'
'J.F. Cook Co.  Inc','Oak Creek','WI','53154','info@jfcookco.com','4147624000'
'STRAMOWSKI HEATING INC','OAK CREEK','WI','53154','phil.l@stramowski.com','4147626457'
'Girard\'s Service Center','South Milwaukee','WI','53172','car@girardsauto.com','4147642030'
'KAR KARE SERVICE CENTER','MILWAUKEE','WI','53213','doubleeautomotive@sbcglobal.net','4147742660'
'LCS Lawn Service','Butler','WI','53007','lcslawn3@aol.com','2627836887'
'RIVERSIDE AUTOMOTIVE SERVICE INC','MILWAUKEE','WI','53211','riversideautomotiverepair@gmail.com','4149630707'
'Aluma- Trim Of America','Mequon','WI','53092','alumatrim@ymail.com','4149646520'
'STELMAK INC','Broadview Heights','OH','44147','','4408384918'
'Huneycutt Plumbing','Charlotte','NC','28227','troyh@carolina.rr.com','7045454545'
'NIXON EXTERMINATION INC','GASTONIA','NC','28054','nixonexterminatinginc@gmail.com','7048644303'
'Crown Pest Control','Matthews','NC','28106','gbryce@crownpest.biz','7048437465'
'Overhead Door Company Of Charlotte','Charlotte','NC','28269','phall@ohdcharlotte.com','7048873667'
'Economy Exterminators Inc','Matthews','NC','28105','scott@economyexterminators.com','7048478088'
'Roto-Rooter Plumbing & Drain Services','Charlotte','NC','28213','rotorooter.callcenters@rrsc.com','7042081799'
'H & S Roofing Company Inc','Charlotte','NC','28203','','7043349934'
'Morris-Jenkins','Charlotte','NC','28217','casey@morrisjenkins.com','8668050484'
'Philcron Automotive Service','Charlotte','NC','28216','sherry@philcron.com','7043723429'
'Jim Dickerson Plumbing & Electrical Inc','Charlotte','NC','28215','debbie@jimdickersonplumbing.com','7043310544'
'SCR Select Cleaning & Restoration Inc','Concord','NC','28027','scr.select@yahoo.com','7045100194'
'ASBILL\'S LOCK & KEY','Charlotte','NC','28217','','7045561111'
'ARS Rescue Rooter Charleston','North Charleston','SC','29405','sweep9051dl@ars.com','8437472714'
'The Antique Clock Shop','Waxhaw','NC','28173','','7048434120'
'Bergen\'s Contracting & Repair Inc','Pineville','NC','28134','bergensrepairs@aol.com','7048892020'
'Budget Carpet Cleaning','Charlotte','NC','28210','budgetchem@aol.com','7043325662'
'The Lamp Place','Charlotte','NC','28209','','7045237463'
'How Handy Handyman Service','Charlotte','NC','28211','howhandyman@carolina.rr.com','7044884823'
'Heartwood Tree Service LLC','Charlotte','NC','28224','frontdesk@heartwoodtree.com','7045253066'
'Window World & Siding Co Inc','Charlotte','NC','28217','info@windowsyoucantrust.com','7045351260'
'A-1 Roofing & Siding  LLC','Matthews','NC','28106','bhiggins@a1roofingandsiding.com','7048454600'
'Matthews Moving Systems Inc','Charlotte','NC','28206','michelle@matthewsmoving.com','7043588500'
'Horne Heating and Air Conditioning','Charlotte','NC','28214','chorne@hornehvac.com','7043933273'
'DAVID LONG ELECTRICAL CONTRACTOR INC','Indian Trail','NC','28079','david@davidlongelectrical.com','7048490007'
'Easy Movers Inc','Pineville','NC','28134','info@easymovers.com','7045886868'
'All Creatures Pet Sitting','Huntersville','NC','28078','info@allcreaturespetsitting.com','7042809747'
'E & S SECURITY & LOCK SMITH INC','Charlotte','NC','28211','dhelms38@yahoo.com','7043651649'
'WAYNE\'S CARPET CLEANING & REPAIR SERVICE INC','CHARLOTTE','NC','28205','wccr1988@yahoo.com','7045685460'
'CAROLINA WOOD FENCE','TROUTMAN','NC','28166','michaelspath@bellsouth.net','7043636250'
'DIAMOND ELECTRONICS INC','Locust','NC','28097','diamondelectronics@gmail.com','7048880223'
'North Mecklenburg Plumbing Co Inc','Huntersville','NC','28078','nmpvickeyb@bellsouth.net','7048751656'
'Carolina Pest Management','Monroe','NC','28111','sdodd@carolinapest.com','7045361133'
'RAINWAGON IRRIGATION INC','CHARLOTTE','NC','28241','rainwagon@rainwagonirrigation.com','7045420175'
'Windows & General Home Repair','Troutman','NC','28166','firemancfd18@yahoo.com','7043098566'
'PROFESSIONAL POOL SERVICES OF CHARLOTTE INC','Charlotte','NC','28227','ppsofcharlotte@windstream.net','7048821154'
'Honeycutts Painting & Roofing','Concord','NC','28025','jrhoneycutt53@yahoo.com','7047010887'
'Carpet Pros Inc','Charlotte','NC','28277','customerservice@carpetproscharlotte.com','7043411200'
'Accents Professional Painting & Wallpapering Co','Matthews','NC','28105','accents292@aol.com','7048442599'
'Masterbuilder Fellowship For The Built Environment','Matthews','NC','28105','jlf@masterbuilderfellowship.com','7047085367'
'AMERICAN DRY CLEANERS & LAUNDRY','CHARLOTTE','NC','28206','mail@americandrycleaners.net','7043336111'
'DAVID LYLES PAINTING & CARPENTRY','CHARLOTTE','NC','28205','','7045624669'
'HUGHES FLOOR COVERING INC','CHARLOTTE','NC','28205','hughescustomerservice@gmail.com','7043727486'
'Beeler Masonry & Construction','Salisbury','NC','28144','jerico1@att.net','7044009696'
'Terminix Pest Control','Charlotte','NC','28273','tmx05@trustterminix.com','8668589939'
'Divine Plumbing - Divine Kitchens and Baths','Charlotte','NC','28211','jdivine52@divineplumbingcompany.com','7044420202'
'McCarthy Tire Service','Charlotte','NC','28202','kcoulter@mccarthytire.com','7043349789'
'B & E Air Conditioning and Heating  Inc','Charlotte','NC','28205','beair.heating@gmail.com','7043330363'
'AAA Pet Services Hospital & Mobile Vet Clinic','CHARLOTTE','NC','28209','mthomann@carolina.rr.com','7045220677'
'Professional Waterproofing Co','Charlotte','NC','28216','zenith2006@aol.com','7043941179'
'White Knight Steamer Inc','Matthews','NC','28104','rocco.caputo@whiteknightsteamer.com','7048215512'
'Owens Chimney Systems','Charlotte','NC','28270','owenssystems@windstream.net','7045549595'
'Champion Window of Charlotte LLC','Charlotte','NC','28216','charlotte@championfactorydirect.com','7042333391'
'JUMBO GUTTER CO','CHARLOTTE','NC','28216','charlottehack@aol.com','7045971113'
'Matthews Animal Clinic','Matthews','NC','28105','matthewsani@aol.com','7048479856'
'COOL COMFORT HEATING & AIR','MOORESVILLE','NC','28117','regcomley@aol.com','7048967095'
'Bradham Brothers Inc','Charlotte','NC','28214','shelby@bradhambrothers.com','7043928056'
'Carolina Steamer','Monroe','NC','28110','carolina95@carolina.rr.com','7047534986'
'PLANTATION ANIMAL HOSPITAL','MATTHEWS','NC','28105','plantationtech@windstream.net','7048412225'
'GOLDSTAR KITCHEN & BATHROOM','CHARLOTTE','NC','28273','rob@goldstarkitchenandbath.com','7045870363'
'Citywide Moving Systems Inc','Monroe','NC','28110','donna@citywidemoving.com','7048417001'
'CADENZA GRANITE & MARBLE','Concord','NC','28027','ron.hannah@cadenzagranite.com','7047882744'
'Rid-A-Bug Exterminating Co Inc','Mooresville','NC','28115','info@ridabuginc.com','7045685548'
'THE GROUT DOCTOR','PINEVILLE','NC','28134','','7045594135'
'HILL\'S CLEANING SERVICE','CHARLOTTE','NC','28227','jerbey@att.net','7047137428'
'Affordable Fence & Tree Service','Charlotte','NC','28216','deborahblasky@gmail.com','7043927078'
'MAID BRIGADE','Charlotte & Vicinity  Piedmont Triad','NC','28212','mtitlebaum@maidbrigade.com','7044610611'
'AAA Tree Experts Inc','Charlotte','NC','28273','hlynn@aaatrees.net','7043661134'
'FOR PET SAKE LLC','CHARLOTTE','NC','28226','forpetsake@bellsouth.net','7043647297'
'Deaton Gutter Service','Charlotte','NC','28227','deatongutter@carolina.rr.com','7045451966'
'Window Gang','Concord','NC','28027','charlotte@windowgang.com','7043659002'
'E R Plumbing Services','Matthews','NC','28105','deborah@erplumbingservices.com','7048120558'
'A-1 Wildlife Control','Charlotte','NC','28227','a1wildlifecontrol@gmail.com','7043341922'
'DECORATIVE CREATIONS INC','MATTHEWS','NC','28104','','7048477944'
'Kirkland Air Conditioning and Heating Inc.','CHARLOTTE','NC','28205','sales@kirklandac.com','7043329276'
'Apex Exterminating','CHARLOTTE','NC','28227','dabugkiller@aol.com','7045339646'
'Dulin Mechanical Services Inc','Charlotte','NC','28227','dawn@dulinmechanical.com','7044551218'
'SQUEEGEE MAN WINDOW & GUTTER CLEANING','CHARLOTTE','NC','28277','jstauffenberg@carolina.rr.com','7049960561'
'Asiaworks  Inc','Charlotte','NC','28213','asiaworksask@gmail.com','7045096099'
'GET ORGANIZED','Columbia','SC','29206','getorganizednc@aol.com','8037870368'
'HALAS ARBORISTS','MATTHEWS','NC','28104','carlhalas@aol.com','7045447575'
'Archadeck of Charlotte','Charlotte','NC','28212','ekent@archadeckofcharlotte.com','7049441350'
'VIDEO & SECURITY SPECIALISTS','Matthews','NC','28104','emilau@carolina.rr.com','7048219396'
'Affordable Siding & Windows','Charlotte','NC','28205','richie@affordablesiding.com','7045366225'
'Killingsworth Environmental','Indian Trail','NC','28079','nickbaughn@thebiggreenk.com','7045638787'
'Empire Carpet & Blinds','Charlotte','NC','28226','cheifer@bellsouth.net','7045413988'
'Kikers Tree Service & Stump Removal','Indian Trail','NC','28079','kikerracing08@gmail.com','7048829670'
'ALMAR Auto Repair','Charlotte','NC','28209','almarauto@almarauto.com','7045229000'
'Fisher Automotive Inc','Indian Trail','NC','28079','bfisher@carolina.rr.com','7048822815'
'APPLEWOOD GALLERY','CHARLOTTE','NC','28209','kassandra@applewoodgallerync.com','7045256162'
'Super Electric Inc','Saint Paul','MN','55102','superelectric@comcast.net','6512228288'
'Knight Construction Design Inc - Home Renovation','Chanhassen','MN','55317','gary@knightremodeling.com','9523614949'
'Benny\'s Carpet Outlet','Indianapolis','IN','46226','','3175454400'
'JEWELRY & WATCH DOCTOR','PINEVILLE','NC','28134','','7045420650'
'Amerestore','Greenfield','IN','46140','rick@amerestore.com','3178948055'
'Professional Pest Control Inc','Minneapolis','MN','55405','rstandish@comcast.net','6123826307'
'Coit Cleaning and Restoration','Fort Mill','SC','29708','coit@comporium.net','7045273100'
'20/20 Window Cleaning & Maintenance  Inc','Noblesville','IN','46060','amydavidson233@gmail.com','3178447777'
'SPECIALITY GUTTERING SYSTEMS INC','INDIANAPOLIS','IN','46205','specialityguttering@yahoo.com','3172544565'
'Corsillo Plumbing & Sewer Cleaning Co','Euclid','OH','44117','drew@corsilloplumbing.com','4404612200'
'ADAIR FLOORS \'N\' MOR\' INC','FRANKLIN','WI','53132','info@adairfloors.com','4147613660'
'Fairway Building','Charlotte','NC','28212','jaurelius@carolina.rr.com','7045313232'
'INTER-STATE ROOFING SERVICE','West Allis','WI','53214','interstateroofwa@aol.com','4144540455'
'Greenwood Moving & Storage Inc','Greenwood','IN','46143','keith@greenwoodmoving.com','3178820190'
'Landis & Landis Kitchen & Bath Remodeling','Indianapolis','IN','46227','glandis14@comcast.net','3177832795'
'Breedlove Dobbs Heating & AC','Indianapolis','IN','46226','tom@breedlovedobbs.com','3178889111'
'Rodriguez Landscape Co','Milwaukee','WI','53204','rodriguez_landscapeco@yahoo.com','4143833300'
'Wholesale Insulation Dist/Installers','Big Bend','WI','53103','jjleiner@yahoo.com','4142571200'
'Batzner Pest Management Inc','New Berlin','WI','53151','info@batzner.com','2627974160'
'The House Doctors','CLEVELAND','OH','44124','bobhousedoc@aol.com','4404494054'
'BILL SOEDER LANDSCAPING','Westlake','OH','44145','','4408719083'
'THE GREAT INDOORS WOOD FLOORS INC','Indianapolis','IN','46278','info@indywoodfloors.com','3174031526'
'Carpet Country','Greenwood','IN','46142','carpetcountry@sbcglobal.net','3178883501'
'DRAIN BUSTERS','Saint Paul','MN','55122','drainbusters@msn.com','9529259583'
'Kevin James Landscape','Charlotte','NC','28220','djames2@carolina.rr.com','7045528008'
'COMPULSIVE CLEANERS','CHARLOTTE','NC','28227','sandi@compulsivecleaners.org','7045731687'
'Midwest Window & Siding','Minneapolis','MN','55406','midwestgar49@yahoo.com','6127215333'
'Dean Bjorkstrand Inc','Minneapolis','MN','55423','dean@deanbjorkstrand.com','6128613919'
'Champion Window of Cleveland','Westlake','OH','44145','cleveland@championfactorydirect.com','4402496066'
'Renewal By Andersen','Roseville','MN','55113','erin.ross@andersencorp.com','8668014229'
'Bob McQueen & Sons Heating and Air Conditioning Co','Greenfield','IN','46140','jedmcq@att.net','3177504304'
'LeafGuard Of Indiana','Indianapolis','IN','46226','john.chambers@leafguardindiana.net','3175484476'
'R W CEILINGS & WALLS','Minneapolis','MN','55432','rwceilings@comcast.net','7635869771'
'BTR Construction & Roofing Co Inc','Charlotte','NC','28205','kevin@btrroofing.com','7048477119'
'HANKEY & BROWN INSPECTION SERVICES','Eden Prairie','MN','55344','hankeybrown@comcast.net','9528290044'
'R G MASONRY','LAKEWOOD','OH','44107','rgg61953@att.net','2162268808'
'CREAM CITY TILE & BATH REMODELING','FRANKLIN','WI','53132','creamcitytile@sbcglobal.net','4144219293'
'Jack Pixley Chimney Sweeps & Masonry','Andover','MN','55304','nrichardson@jackpixleysweeps.com','7634220481'
'Parkside Animal Hospital','Fishers','IN','46038','customerservice@parksidepets.com','3178491440'
'Mike Mural Building Contractors','Cleveland','OH','44130','muralbldgco@aol.com','4403569696'
'Metro Garage Door Co','Golden Valley','MN','55427','info@metrogaragedoor.com','6122763910'
'PIEDMONT APPLIANCE SERVICE','Charlotte','NC','28203','gsigmon256@bellsouth.net','7043348833'
'DENNY & LYNNE\'S LOCK & KEY','AVON','OH','44011','','4409344867'
'PALMER\'S REFINISHING','LANCASTER','SC','29720','talref@aol.com','8032838111'
'Zell Plumbing & Heating','Lake Elmo','MN','55042','info@zellplumbing.com','6517777333'
'Detail Painting & Decorating LLC','Lyndhurst','OH','44124','ocmats@hotmail.com','4408974600'
'CENTRAL INDIANA COOLING & HEATING INC','GREENFIELD','IN','46140','cichi40@aol.com','3178949250'
'A-1 GARAGE DOORS INC','BARGERSVILLE','IN','46106','doorsa1@aol.com','8007556351'
'AKRON PEST CONTROL','AKRON','OH','44303','m.whitisapc@yahoo.com','3302536271'
'DAUGHERTY CONSTRUCTION INC','EUCLID','OH','44132','daugherty@daughertyconst.com','2167319444'
'B & B Appliance Co','Euclid','OH','44132','info@bbappliance.com','2162615600'
'Jerry\'s Home & Garden Center','Saint Paul','MN','55122','tjinblaine@aol.com','6123666838'
'Andy Lewis Heating  Air Conditioning','Belmont','NC','28012','service@andylewishvac.com','7043919191'
'David Hazen Group  LLC','Carmel','IN','46032','davidhazengroup@gmail.com','3178444444'
'JOE\'S LOCK & KEY','CLEVELAND','OH','44144','joefradette@gmail.com','2162622224'
'Total Electric Inc','Minneapolis','MN','55449','service@total-electric.com','7637868484'
'GRUHR LTD','CEDARBURG','WI','53012','','2623753171'
'Guttermaster Inc','Columbus','OH','43207','jeff@guttermaster.com','6144438005'
'Edwards/Mooney & Moses','Columbus','OH','43222','amiller@installed.net','6143516640'
'Accurate Plumbing','Dublin','OH','43016','tomholmes@accurateplumbinginc.com','6145260131'
'Jones Topsoil Co','Columbus','OH','43207','jack@jonesfuel.com','6144434611'
'ET Paul Tire Company','Columbus','OH','43215','info@etpaultires.com','6142213139'
'Bob Kessler Construction LLC','Reynoldsburg','OH','43068','','6147725865'
'Efficient Electric Corp','Columbus','OH','43232','efficientelectric247@gmail.com','6145520200'
'Jess Howard Electric Company','Blacklick','OH','43004','brian.barwick@jesshoward.com','6148611300'
'Waibel Electric','Etna','OH','43068','waibelelectric2@embarqmail.com','7409642956'
'Classic Air','Columbus','OH','43231','sales@classicairinc.com','6144761732'
'Buckeye Heating & Cooling','Worthington','OH','43085','info@buckeyeheat.com','6148884328'
'Favret Heating & Cooling','Columbus','OH','43215','markf@favret.com','6144885211'
'QUALITY AIR HEATING & AIR CONDITIONING INC','Columbus','OH','43214','ryan@qualityaircolumbus.com','6142621818'
'Jack L Woods Plumbing Co Inc','Westerville','OH','43081','jacklwoodsplbg@rrohio.com','6148829700'
'PULLIN\'S BLACKTOP  INC','COLUMBUS','OH','43215','pullinsparker@gmail.com','6144960528'
'Bexley Auto Repair Center','Columbus','OH','43209','bexleyauto@yahoo.com','6142535553'
'Hamilton Parker Co','Columbus','OH','43219','info@hamiltonparker.com','6143587800'
'CRITERIUM LISZKAY ENGINEERS','COLUMBUS','OH','43230','info@clengineers.com','6144187200'
'Baker Roofing Co','Columbus','OH','43212','jfbakerssons@sbcglobal.net','6142914243'
'Clintonville Automotive Repair Service','Columbus','OH','43214','service@clintonvilleauto.com','6142635551'
'Hetter Heating & Cooling','Columbus','OH','43220','office@hetterheating.com','6147849200'
'DESANTIS FLORISTS & GIFTS','COLUMBUS','OH','43214','nick2osu@aol.com','6144514414'
'Martin Carpet Cleaning Co','Columbus','OH','43206','brent@martincarpetcleaning.com','6144434655'
'John M Downey Clean Carpet Cleaning Company','Columbus','OH','43223','service@downeyclean.com','6145868849'
'Blackburns Chimney Sweeps','Columbus','OH','43220','debbie@blackburnschimney.com','6142973870'
'Columbus Locksmith  LLC','Columbus','OH','43216','franklock@att.net','6142365397'
'Capitol Fence Inc.','Columbus','OH','43213','roberthulvey@msn.com','6148336123'
'Rogers Basement Waterproofing','Columbus','OH','43227','paul@rogersbasementwaterproofing.com','6142370488'
'A-1 Concrete Leveling','Columbus','OH','43207','linda@a1-leveling.com','6145750123'
'GEORGE F NEFF & CO  LLC','COLUMBUS','OH','43204','jonneff@neffplasterstucco.com','6142745629'
'The Durable Slate Co','Columbus','OH','43201','jjenkins@durableslate.com','6146434104'
'Two Men And A Truck','Columbus','OH','43231','info0030@twomen.com','6142246683'
'Champion Window of Columbus','Columbus','OH','43229','columbus@championfactorydirect.com','6146544046'
'L & L Hardwood Floors','Galloway','OH','43119','lindawalkerl@aol.com','6148701188'
'AAD Security Locksmith','Magnetic Springs','OH','43036','locks10055@gmail.com','6145968436'
'A Mann Plumbing Ltd','Westerville','OH','43081','allen@mannplumbing.com','6148822904'
'Dry Cleaning Station','Gahanna','OH','43230','muralprenatt5@yahoo.com','6144571807'
'Superior Home Maintenance','Columbus','OH','43215','superior21@aol.com','6142248842'
'HB Good & Sons','Columbus','OH','43221','goodandsonsplastering@yahoo.com','6144818566'
'A PLUMBING','Columbus','OH','43215','wolfewolfewolfe@hotmail.com','6144864848'
'Roto-Rooter Plumbing & Drain Services','Columbus','OH','43228','pat.swanson@rrsc.com','6143510801'
'Kuhns Contracting  Inc.','Plain City','OH','43064','tony@kuhnscontracting.com','6148738230'
'Wright\'s Tree Service','Columbus','OH','43216','brian@wrightstree-ohio.com','6142377901'
'APCO - The Architectural Products Company','Columbus','OH','43215','billclarkin@apco.com','6148392726'
'Chris Ruh Cement Co','Columbus','OH','43206','','6142977320'
'Hennessy Landscaping','Galloway','OH','43119','joan@hennessylandscaping.com','6148705296'
'Northwest Appliance','Plain City','OH','43064','northwestappl@yahoo.com','6148730088'
'Columbus Worthington Air','Columbus','OH','43235','cschreck@cwaohio.com','6147717001'
'Deck Masters','Westerville','OH','43081','mikefresch@deck-masters.net','6148916008'
'Best Service Heating & Cooling','Reynoldsburg','OH','43068','rlcbest@yahoo.com','6145752378'
'Varment Guard Environmental Services Inc','Columbus','OH','43231','jim.vaive@varmentguard.com','6147948169'
'The Waterworks','Columbus','OH','43229','hstapleton@thewaterworks.com','6144418268'
'DON GEARON COUNTERTOPS & DECOR','COLUMBUS','OH','43224','fuse578@aol.com','6142636007'
'Empire Windows','Delaware','OH','43015','mvangundy@empirewindows.com','6147661400'
'Levi\'s 4 Floors','Columbus','OH','43229','info@levis4floors.com','6148464441'
'Stauffers Painting Systems LLC','Columbus','OH','43201','jerry@staufferspainting.com','6142285240'
'THE GLASS BLOCK WAREHOUSE','COLUMBUS','OH','43228','sales@theglassblockwarehouse.com','6142740700'
'Crippen Electric','Little Elm','TX','75068','terrycrippen53@gmail.com','2146365207'
'Master Clean Inc','Columbus','OH','43229','don.kessler@masterclean.biz','6148471181'
'Mid Ohio Termite & Pest Control','Columbus','OH','43206','','6144435522'
'USA Insulation- Columbus/Cincinnati/Dayton','Hilliard','OH','43026','vcarder@usainsulation.net','6145292440'
'Columbus Glass Block/Windows/Bath Doctor','Columbus','OH','43219','info@innovatebuildingsolutions.com','6142525888'
'SOOTY FIREMAN CHIMNEY','GROVE CITY','OH','43123','rohr_john@yahoo.com','6148770744'
'Procare Carpet Cleaning Co','Westerville','OH','43081','procarecarpet@gmail.com','6142916699'
'Muth & Co Roofing','Westerville','OH','43081','muthroofing@aol.com','6148820900'
'The Davey Tree Expert Co - Columbus','Columbus','OH','43224','info@davey.com','6144714144'
'FORTNER UPHOLSTERING INC','COLUMBUS','OH','43219','justin@fortnerinc.com','6144758282'
'Mark Monnette Masonry','Dublin','OH','43017','','6147980788'
'Hardwood Elegance Flooring Co','Pickerington','OH','43147','hwelegance@gmail.com','6148064685'
'LEE\'S FENCING','COLUMBUS','OH','43229','leesfencing@aol.com','6148468839'
'Geo Source One','Plain City','OH','43064','geosourceone@rrohio.com','6148731140'
'Master Blaster Power Washing & Painting Co','Hilliard','OH','43026','scott@masterblasterpowerwash.com','6147779306'
'Pride Power Wash & Painting','Pickerington','OH','43147','pridepowerwash@insight.rr.com','6148340445'
'Elite Home Remodeling','Columbus','OH','43229','rsharmon43@hotmail.com','6147856700'
'Arrow Roofing & Siding','Columbus','OH','43228','arrowroofinginc@gmail.com','6147777663'
'Ohio Exterminating Co','Columbus','OH','43201','achristman@ohioexterminating.com','6142946311'
'Lodder Landscaping','Alexandria','OH','43001','lodder.ann6@gmail.com','7409242086'
'Leaders Moving & Storage Co','Columbus','OH','43085','ksapp@leadersmoving.com','8004213029'
'Professional Leather Care Ltd','COLUMBUS','OH','43213','proleathercare@sbcglobal.net','6142396789'
'Creative Touch Painting & Decorating LLC','Grove City','OH','43123','sfkoble@gmail.com','7409834277'
'COMO MOWER SERVICE & SALES','COLUMBUS','OH','43214','comomower@midohio.twcbc.com','6142632603'
'Arbaugh Tree Service','Carroll','OH','43112','garryarbaugh70@gmail.com','6148371316'
'Agape Service Co','Columbus','OH','43206','rsmithhr1@gmail.com','6147849835'
'Drain Connection','Columbus','OH','43214','drainconnection@yahoo.com','6147942990'
'Economic Appliance Service','Columbus','OH','43228','','6142792501'
'Tree King Tree Services Inc','Pataskala','OH','43062','lonniebrazier@treekinginc.com','7409274291'
'Columbus Home Services','Columbus','OH','43085','homesserv@aol.com','6148854663'
'DANIEL\'S LANDSCAPING LLC','PLAIN CITY','OH','43064','danielsland@msn.com','6148799611'
'Speedy Electric','Columbus','OH','43211','kspeed37@yahoo.com','6147841304'
'Southern Grove Landscaping','Grove City','OH','43123','rcass5@att.net','6148701833'
'CARE Heating and Cooling Inc','Lewis Center','OH','43035','info@careheatingandcooling.com','6148411555'
'Pickerington Heating & Cooling','Pickerington','OH','43147','repsorlando@aol.com','6148374026'
'K & G Contracting','Galloway','OH','43119','copeland.kyle@kgande.com','6148787075'
'The Watch Doctor','Grove City','OH','43123','watchdr1@hotmail.com','6145884073'
'CRITTER CONTROL of COLUMBUS','COLUMBUS','OH','43228','jeremyc@crittercontrol.com','6142914400'
'Technicare','Powell','OH','43065','service@mytechnicare.com','6147665040'
'A Brush of Class Painting Services Inc','Croton','OH','43013','jamie@abrushofclasspainting.com','6147837873'
'Pro Deck','Columbus','OH','43220','frankiafolla@mac.com','6144423350'
'Capital City Exterminating Company Inc','Columbus','OH','43085','bugpeople@aol.com','6144366200'
'Continental Blinds & Care','Columbus','OH','43212','david.morrison@continentalblinds.com','6144865406'
'Central Ohio Appliance Repair','Columbus','OH','43204','','6148632773'
'Radon Systems','Westerville','OH','43082','danwest@radon-systems.com','6148916526'
'Suburban Irrigation','Powell','OH','43065','suburbanirrigation@sbcglobal.net','6148898882'
'The Drainworks','Westerville','OH','43081','drainworks2@yahoo.com','6148907674'
'Cruikshank Plumbing Co','Pataskala','OH','43062','verna@cruikshankplumbing.com','7409275401'
'Security Network Inc','Columbus','OH','43215','talexander@thesecuritynetwork.com','6144862220'
'Rain One Irrigation & Drainage Systems','Blacklick','OH','43004','jeff@rain1.com','6147591196'
'New Buck Chimney Sweeps','Galena','OH','43021','sweeper@newbucksweep.com','6148829922'
'Sears Heating & Cooling','Columbus','OH','43224','jamie@searsheatingcooling.com','6144751800'
'AIM Moving Services','Columbus','OH','43209','aimmoveandstore@hotmail.com','6144751389'
'Window Dressings By Kathleen Nye','COLUMBUS','OH','43230','nye.kathy@gmail.com','6142164597'
'Everlasting Roofing','Reynoldsburg','OH','43068','everlastingroofing@sbcglobal.net','6143227663'
'RON KEMMERLING WALLPAPER HANGING & PAINTING','Delaware','OH','43015','ronkemmerling@aol.com','6142964613'
'David Krohn','Columbus','OH','43214','davidjonkrohn@gmail.com','6142606953'
'Bobb Auto Repair & Pre-Owned Superstore','Columbus','OH','43228','tom@bobbauto.com','8664910855'
'The Basement Doctor','Reynoldsburg','OH','43068','info@mybasementdoctor.com','6144888324'
'Toni Sits Pets','Columbus','OH','43202','tonisitspets@hotmail.com','6142628333'
'Sewell Irrigation','Delaware','OH','43015','irr0920@gmail.com','7405487924'
'Specialty Gas Services  Inc','Columbus','OH','43214','rob@specialtygashouse.com','6142610824'
'Davis Piano Moving','columbus','OH','43224','','6148464844'
'Buckeye Custom Painting','Reynoldsburg','OH','43068','cschirico@sbcglobal.net','6144511990'
'Swan Freedom','Columbus','OH','43222','mlomax@installed.net','6143089900'
'Muetzel Plumbing & Heating','Columbus','OH','43212','service@muetzel.com','6142997700'
'Gahanna Animal Hospital','Gahanna','OH','43230','clients@gahannaanimalhospital.org','6144712201'
'Davy Painting','Millersport','OH','43046','the2brewers@frontier.com','6145771871'
'CHUCK\'S SEPTIC TANK SERVICE','GROVE CITY','OH','43123','clgrovecity@aol.com','6148759508'
'Columbus Pro-Dry','Westerville','OH','43081','jonhunter50@hotmail.com','6145813045'
'Service Master Complete Services','Groveport','OH','43125','info@smcompleteservices.com','6148360026'
'Hague Water Conditioning','Groveport','OH','43125','info@haguewaterconditioning.com','8002823515'
'Integrity Painting Ltd','Columbus','OH','43221','integritypainting@earthlink.net','6148349612'
'Basements Unlimited','COLUMBUS','OH','43221','info@basementsunlimited.net','6145545779'
'JNG Painting & Decorating','Columbus','OH','43221','jngpaintingdecorating@gmail.com','6142098569'
'Collision One LLC','Westerville','OH','43081','matt@collision1one.com','6148980107'
'Dan Few Concrete & Construction Co','Reynoldsburg','OH','43068','dfew@insight.rr.com','6145758561'
'Pro Flooring','Reynoldsburg','OH','43068','proflooringofohio@gmail.com','6145798892'
'AFFORDABLE ANIMAL CONTROL INC','Grove City','OH','43123','aacohio@yahoo.com','6145399400'
'Landscapes By Terra  Inc','Plain City','OH','43064','angie@lbterra.com','6148736242'
'YOUR PERSONAL GARDENER','OSTRANDER','OH','43061','ypgardener@gmail.com','6144042584'
'Creative Spas & Decks','Westerville','OH','43081','harbourart@earthlink.net','6148991234'
'Mark Rodgers Construction','Pataskala','OH','43062','estimates@markrodgersconstruction.com','7409646336'
'New Albany Tile','New Albany','OH','43054','joegibson6591@yahoo.com','6148557948'
'The Wildlife Control Company  Inc.','Dublin','OH','43016','shearerdirk@aol.com','6148708727'
'Bradley Builders Inc','Columbus','OH','43214','bradleybuilders@sbcglobal.net','6142677800'
'Elite Cleaning & Restoration','Columbus','OH','43221','teamelite@wowway.com','6147779373'
'Mr. Mover of Ohio Inc','Columbus','OH','43229','mister_mover@msn.com','6149856683'
'HANG UPS INC','COLUMBUS','OH','43227','cmarkrussell@aol.com','6142397004'
'B&T Roofing Ltd','Westerville','OH','43081','btroofing@sbcglobal.net','6148826397'
'Buckeye Plumbing Co Inc','Johnstown','OH','43031','weyand.27@gmail.com','6148991122'
'Kresge Contracting  Inc.','Columbus','OH','43231','kresge@kresgecontracting.com','6147949222'
'Just Blinds','Columbus','OH','43209','info@justblindscolumbus.com','6142371198'
'RoofWise Roofing Inc','Lewis Center','OH','43035','info@roofwiseroofing.com','7405487336'
'Magic Cruises & Tours','COLUMBUS','OH','43085','pcash@magiccruises.com','6148475551'
'Golden Bear Carpet Cleaning','Dublin','OH','43016','goldenbearcarpetcleaning@gmail.com','6144578334'
'Sterling Protective Services Inc','Hilliard','OH','43026','sam@sterlingprotectiveservices.com','6147714343'
'Black\'s Furniture Restoration','Columbus','OH','43232','blacksfurniture@gmail.com','6148706165'
'RL Bando Concrete Inc','Johnstown','OH','43031','gbando39@yahoo.com','6144366400'
'Terminix','Grove City','OH','43123','tmx2165@terminix.com','8668589939'
'Deluxe Door Systems Inc','Columbus','OH','43235','contact@deluxedoorsystems.com','6148400207'
'Shamrock Overhead Door','Dublin','OH','43016','scott@shamrockoverhead.com','6148895040'
'Surface Pro Asphalt Paving Co','Columbus','OH','43235','mrpaver2010@gmail.com','6144517283'
'RD Cook Custom Cabinets','Columbus','OH','43211','crdcook1@sbcglobal.net','6142620550'
'B-Level Ltd','Baltimore','OH','43105','jacob@b-level.com','6148371269'
'DKR Builders','Groveport','OH','43125','john@dkrbuilders.com','6148362228'
'MULTI-WINDOW & DOOR PARTS CO','DUBLIN','OH','43016','multiwindoor@aol.com','6147644570'
'Roush Honda  Westerville OH','Westerville','OH','43081','roushhonda@roushhonda.com','6148821535'
'Mike\'s Roofing Inc','Prospect','OH','43342','mikesroofinginc1@gmail.com','7403691588'
'Miracle Method of Columbus','Grove City','OH','43123','miraclemethodcolumbus@gmail.com','6148010432'
'Custom Air Conditioning & Heating','Columbus','OH','43230','info@customairco.com','6145524822'
'ALL SEASONS WALL SYSTEMS llc','COLUMBUS','OH','43085','rob@allseasonswallsystems.com','6144368364'
'Luxury Bath','Lewis Center','OH','43035','mwray@luxurybath-ohio.com','6144757700'
'SolarTex Inc Window Film & Glass Tinting','Columbus','OH','43229','jarett@solartexinc.com','6148886211'
'LAUBIE KARLING & ASSOCIATES LLC','COLUMBUS','OH','43215','gloria@lkacpas.com','6144810700'
'Gibbs Window Cleaning Inc','Powell','OH','43065','gibbswindowcleaning@yahoo.com','6146190800'
'ACTIVE GLASS & MIRROR','COLUMBUS','OH','43232','activeglass@outlook.com','6148616256'
'Duncan\'s Gutter Cleaning Service','Columbus','OH','43207','duncanbox@hotmail.com','6144915660'
'FURNITURE PHYSICIANS','NEW ALBANY','OH','43054','woodoctr@aol.com','6148559720'
'Kenneth A Pikor CFP EA','Westerville','OH','43082','ken@kenpikor.com','6145233193'
'CAR SERVICES INC','NEW ALBANY','OH','43054','carsshawn@gmail.com','6148557515'
'Mr Electric of Columbus & Cincinnati','North Olmsted','OH','44070','','6142214411'
'Converse Electric','Grove City','OH','43123','info@converseelectric.com','6148718700'
'D & L Heating & Cooling','Summit Station','OH','43073','pegglegg47@aol.com','7409278732'
'Total Comfort Heating & Cooling Inc','WORTHINGTON','OH','43085','tchc@totalcomfort-hc.com','6148852222'
'A Fine Nest/Scott Sammons Interior Design LLC','Columbus','OH','43212','scott@anotherfinenest.com','6145793350'
'Pro Kitchen Tops & Ceramic Floors','Columbus','OH','43229','romeo.presutti@yahoo.com','6147861899'
'GRANT PERKS  CPA','Columbus','OH','43231','grant@perkscpa.com','6148990932'
'DR SHOE WORTHINGTON','COLUMBUS','OH','43235','ykamenet1@gmail.com','6148883144'
'Newman Roofing','Sunbury','OH','43074','tnroofing@hotmail.com','6148907397'
'HENTHORNE LANDSCAPE','POWELL','OH','43065','chenthorne@henthornelandscape.com','6149463466'
'D M Thompson Chimney Repair Specialist LLC.','Grove City','OH','43123','chimneyrepairspecialist@gmail.com','6142631272'
'Arick & Sons Insulation & Roofing','Columbus','OH','43207','michaelarick@att.net','6144972002'
'GEORGETOWN BUILDERS','COLUMBUS','OH','43212','getownbldr@aol.com','6144880752'
'Mulch Rite','London','OH','43140','service@mulchrite.com','6148935049'
'James M Hartley Electric LLC','Columbus','OH','43214','jamesmhartley@yahoo.com','7409286177'
'KLASSIC KARPETS','HARRISBURG','OH','43126','klassickarpetcommercial@gmail.com','6148770505'
'Amanda Plumbing Sewer & Drain','Delaware','OH','43015','plumbing@amandaplumbing.com','7403695161'
'Suburban Animal Clinic Inc','Columbus','OH','43204','info@suburbananimalclinic.com','6142765479'
'Color World Housepainting  Inc.','Powell','OH','43065','tomh@colorworldhousepainting.com','6145881180'
'EASTON ANIMAL HOSPITAL','COLUMBUS','OH','43219','info@eastonanimalhospital.com','6144760000'
'Aqua Systems','Columbus','OH','43214','mjackson@aquasys.biz','6142659000'
'Custom Home and Hearth','COLUMBUS','OH','43214','customhomeandhearth@yahoo.com','6142619922'
'European Tailoring','Worthington','OH','43085','services@europeanstyletailoring.com','6148885711'
'Palmer Builders LLC','Hilliard','OH','43026','info@palmerbuildersllc.com','6148703027'
'Dick\'s Metro Flooring','Minneapolis','MN','55417','dpitheon@dicksmetroflooring.com','6128275646'
'A AArt\'s & Tim\'s Quality Plumbing','Osseo','MN','55369','speedyplumbing@comcast.net','7634243258'
'FUNFAR LANDSCAPING','MINNEAPOLIS','MN','55446','gregg@funfarlandscaping.com','7635592462'
'Fresh Air Corp','Columbus','OH','43232','quote@freshaircorp.com','6143223828'
'GENESIS AUDIO','Gahanna','OH','43230','art@genesisaudio.com','6149390802'
'KENNEDY LAWN SERVICE LLC INC','INDIANAPOLIS','IN','46224','rkennedy2123@gmail.com','3173624104'
'Central Heating & Air Conditioning Co','CLEVELAND','OH','44143','stewartunsdorfer@mac.com','2167319400'
'Ark Moving & Storage','CLEVELAND','OH','44129','arkmovers@att.net','4408841120'
'LESKE MASONRY','SAINT PAUL','MN','55117','sandles81@msn.com','6514889668'
'Brown\'s Roofing','Amanda','OH','43102','browns.roofing@yahoo.com','6148373280'
'TARINI CEMENT CONTRACTORS','Columbus','OH','43204','info@tarinicement.net','6144511194'
'BRUCE INDUSTRIAL','SAINT PAUL','MN','55106','bruceind@hotmail.com','6517766713'
'Indiana Mulch & Stone LLC','Indianapolis','IN','46225','indianamulch@sbcglobal.net','3176388334'
'ALPINE ASPHALT','Minneapolis','MN','55418','alpineasphalt@aol.com','6127068018'
'Dave’s Heating and Air Conditioning','Minneapolis','MN','55421','dave@davesheatingandair.com','7637816901'
'Graf & Sons Columbus Door Sales  llc','Columbus','OH','43228','jgiles@columbusdoorsales.com','6144812020'
'CLOSET FACTORY','MINNEAPOLIS','MN','55441','jjgaut@qwestoffice.net','7635519100'
'Yard Right Landscaping LLC','Columbus','OH','43228','yardright@aol.com','6148783015'
'DALE GREEN CO','BURNSVILLE','MN','55337','lbutler@dalegreencompany.com','9528945812'
'Alexander Moving Co','Mentor ','OH','44060','joni0458@aol.com','4402660444'
'Metrolina Appliance Service Inc','Charlotte','NC','28270','lydia.mumpower@gmail.com','7045296099'
'AMERICAN TREE EXPERTS','New Berlin','WI','53146','info@atetreecare.com','2625420404'
'MUSIC STREET CHIMNEY SERVICE','Chagrin Falls','OH','44022','jamesvancleef@yahoo.com','4402471818'
'Floyd Total Security','Bloomington','MN','55420','vmcginty@floydtotalsecurity.com','9528815625'
'Drain Busters','Westerville','OH','43081','drainbuster1@yahoo.com','6143321277'
'NEWBY\'S QUALITY PAINTING','BROWNSBURG','IN','46112','abnewby@comcast.net','3177104171'
'CameraRepairs.com (formerly Bob\'s Camera Repair)','AVON','IN','46123','bob@camerarepairs.com','3172727468'
'Hoppe Tree Service','MILWAUKEE','WI','53213','info@hoppetreeservice.com','4142572111'
'A-Plus Carpet Cleaning','Saint Paul','MN','55113','pauls0687@gmail.com','6123867909'
'J & D BUILDERS INC','SAINT PAUL','MN','55104','info@j-dbuildersinc.com','6516996863'
'Rainbow Treecare West Metro','Minnetonka','MN','55343','bwicklund@treecarescience.com','9529223810'
'Rosati Windows','Columbus','OH','43228','mrosati@rosatiwindows.com','6147774806'
'John Peters Roofing & Guttering Inc','Greenwood','IN','46143','petersroofinginc@gmail.com','3177863315'
'Quality Electric','Columbus','OH','43229','service@qualityohio.com','6144319500'
'Browsers Welcome','Columbus','OH','43206','satterfieldm@aol.com','6144445707'
'ACTION HEATING & AIR INC','FT MITCHELL','KY','41017','actionheating@fuse.net','8593312641'
'Ernie\'s Garage','ERLANGER','KY','41018','ernies@fuse.net','8597274999'
'Jolly Plumbing','Wilder','KY','41076','info@jollyplumbing.com','8597817500'
'AE Door Sales & Service Inc','Cincinnati','OH','45240','debbier@aedoorsales.com','5137421984'
'Nixco Plumbing Inc','Mason','OH','45040','info@nixcoplumbing.com','5133985907'
'Rippe Brothers Appliance Repair','Mason','OH','45040','brittany@rippebrothers.com','5133988794'
'Integrity Carpet & Upholstery','Morrow','OH','45152','freethrow3@gmail.com','5133835293'
'BAKER HEATING & COOLING','MILFORD','OH','45150','bakerseaman@zoomtown.com','5138315124'
'The Davey Tree Expert Co -N Cincinnati  Cincinnati','Milford','OH','45150','info@davey.com','5135751733'
'Pete Arnold & Co Painting Contractors LTD','Cincinnati','OH','45205','plarnold@cinci.rr.com','5132516704'
'Auto4n','CINCINNATI','OH','45207','mike@auto4n.com','5137318989'
'Excel Carpet Services','CLEVES','OH','45002','info@excelcarpetservices.com','5135745618'
'WESTERKAMP DRY CARPET CLEANING','CINCINNATI','OH','45211','dave@westerkamps.com','5134816849'
'POTTS HEATING & AIR CONDITIONING','CINCINNATI','OH','45212','pottshvac@gmail.com','5135314540'
'DONOVAN\'S AUTO & TIRE CENTER','CINCINNATI','OH','45213','dale@donovantire.com','5133513388'
'Nuvue Products Inc','Cincinnati','OH','45213','pmccrackan@aol.com','5136311801'
'National Heating and Air Conditioning Co','Cincinnati','OH','45249','nationalheating1@gmail.com','5136214620'
'Reading Heating & Air Conditioning','Cincinnati','OH','45215','readingheating@msn.com','5138211633'
'A-1 APPLIANCE SERVICE CO INC','CINCINNATI','OH','45216','tlahey@a1applianceservice.com','5136414800'
'Pella Windows and Doors','Montgomery','OH','45242','communitymanager@pella.com','8668840729'
'RWT Window Co','Cincinnati','OH','45216','rwtwdw@cinci.rr.com','5137610944'
'Crane Heating & Air Conditioning Co','Cincinnati','OH','45217','jlohbeck@craneheatingandair.com','5136414700'
'HELP Plumbing  Heating  Cooling and Electric','Cincinnati','OH','45215','thorner@333help.com','5133334357'
'Apke Carpet Care','Cincinnati','OH','45242','john@apkecarpetcare.com','5135411900'
'Jacob Bros Heating & Air Conditioning','Cincinnati','OH','45226','gjacob@jacobbros.com','5135333600'
'Tarvin Plumbing','Cincinnati','OH','45226','info@tarvinplumbing.com','5133215726'
'Cooper Electric','Cincinnati','OH','45223','gil@cooper-electric.net','5132715000'
'Eurauto Inc','Cincinnati','OH','45227','','5132718077'
'HOLTMEIER PLUMBING CO.  INC.','CINCINNATI','OH','45227','holtmeierplumbing@fuse.net','5132712273'
'Apollo Heating Cooling & Plumbing','Cincinnati','OH','45229','service@apollohome.com','5132713600'
'Anderson Hills Plumbing & Supply Inc','Cincinnati','OH','45230','ahp@fuse.net','5132323821'
'Greater Cincinnati Maids Inc','Cincinnati','OH','45255','gcmaids@gmail.com','5132326243'
'Kraft Construction Co','Cincinnati','OH','45231','kraftcon@fuse.net','5135222414'
'PETIT PLUMBING','CINCINNATI','OH','45231','petitplumbinginc@aol.com','5139315191'
'Craftsman Electric Inc','Cincinnati','OH','45236','info@craftsmanelectric.com','5138914426'
'Merry Maids of Central & Northeast Hamilton County','Cincinnati','OH','45237','rlx2@aol.com','5136319594'
'Reupert Heating & Air','Cincinnati','OH','45238','joereupert1@yahoo.com','5139225050'
'Widmer\'s','Cincinnati','OH','45208','jack_cunningham@widmerscleaners.com','5133217600'
'LIBERTY ELECTRIC HEATING & COOLING','CINCINNATI','OH','45240','','5137429226'
'Gilkey Window Company  Inc.','Cincinnati','OH','45241','aquirch@gilkey.com','5137694527'
'Rain-A-Way Exteriors Inc','Cincinnati','OH','45262','chris@rainawayinc.com','5137690900'
'Steamex-Eastern','Cincinnati','OH','45241','steamex@zoomtown.com','5139841738'
'Jansen Heating & Air Conditioning  Inc','Cincinnati','OH','45243','benjansen@fuse.net','5135614888'
'Windows Plus','Cincinnati','OH','45244','leads@windowspluscincinnati.com','5132722222'
'CURRY ELECTRIC INC','CINCINNATI','OH','45245','justin@curryelectric.com','5137525454'
'Schneller Air Conditioning Heating & Plumbing','Cincinnati','OH','45245','kris.knochelmann@schnellerair.com','5137533100'
'Willis One Hour Heating and Air Conditioning','Cincinnati','OH','45245','ron.taylor@resservices.com','5136854265'
'OHIO VALLEY RESTORATION','FAIRFIELD','OH','45014','mike@ovrdry.com','5138747478'
'Frey Electric Inc','Cincinnati','OH','45247','freyservice@freyelectric.com','5133850700'
'Jim\'s Auto Clinic LLC','Cincinnati','OH','45247','service@jimsautoclinic.com','5136626696'
'Schibi Heating & Cooling','Cincinnati','OH','45247','craigdhines@schibi.com','5133853344'
'BRAUN HEATING & AIR COND','CINCINNATI','OH','45251','braunheating@aol.com','5133857765'
'Ron Klei & Sons Inc','Cincinnati','OH','45251','brian@kleipainting.com','5133857709'
'Roto-Rooter Plumbing & Drain Services','Cincinnati','OH','45211','pat.swanson@rrsc.com','5135412151'
'MADISON TREE CARE & LANDSCAPING INC','MILFORD','OH','45150','info@mtcandl.com','5135766391'
'DeVore Roofing LLC','Cincinnati','OH','45215','roofinfo@devoreroofing.com','5138212985'
'BURTON\'S COLLISION AUTO & REPAIR','CINCINNATI','OH','45236','info@burtonscollision.com','5139843396'
'HAUSER HEATING & AIR CONDITIONING','WEST CHESTER','OH','45069','josh.hauser@hauserair.com','5132345777'
'A Budget Appliance Repair','Cincinnati','OH','45233','jackval@fuse.net','5132605456'
'Molloy Roofing Company','Cincinnati','OH','45242','office@molloyroofing.com','5137917400'
'TISCHBEIN CO INC','CINCINNATI','OH','45248','brent@tischbeincoinc.com','5136623380'
'EXTERIORS UNLIMITED','MILFORD','OH','45150','jmccoy@exteriorsunlimited.net','5132480601'
'TRIBBLE HEATING & A/C','MILFORD','OH','45150','hvac5679@aol.com','5135755513'
'Sherriff-Goslin Roofing','Fairfield','OH','45014','cincinnati@sherriff-goslin.com','5137713225'
'DAN\'S ORGANIC LAWN & LANDSCAPE LLC','MASON','OH','45040','dwright90@cinci.rr.com','5137700678'
'American Chimney & Masonry','Cincinnati','OH','45211','americanchimneysweep@gmail.com','5136624600'
'Pest-All Exterminating','Cincinnati','OH','45212','pestall@fuse.net','5135311261'
'Ace Exterminating','Cincinnati','OH','45237','rsteinau@aceext.com','5134582940'
'Terminix','Cincinnati','OH','45245','aperkins@terminix.com','8668589939'
'Eastern Hills Tree Service Inc','Milford','OH','45150','ehtsinc@zoomtown.com','5135750745'
'Action Electric Service','Loveland','OH','45140','bobactionelectric@gmail.com','5135754900'
'Remodel Cincinnati LLC','Cincinnati','OH','45242','steve@remodelcincinnati.com','5139846568'
'Cawood Flooring Systems LLC','Cincinnati','OH','45242','jcawood007@aol.com','5132126262'
'SOUTHERN OHIO BUILDERS KITCHENS & BATHS LLC','Cincinnati','OH','45236','sobldrs@gmail.com','5137911611'
'Invisible Fence Company of Cincinnati Inc','Cincinnati','OH','45227','cincinnati@invisiblefence.com','5135618822'
'JONES PAINTING','INDIANAPOLIS','IN','46217','wjones3942@aol.com','3177837319'
'DECK WORKS INC','INDIANAPOLIS','IN','46236','andrew@deckworksinc.com','3175907388'
'HENNESSY\'S INTERIOR PAINTING SERVICE','CLEVELAND','OH','44126','mhennessy@wideopenwest.com','4407771598'
'RENDITIONS FRAMING CENTER INC','INDIANAPOLIS','IN','46220','mail@renditionsfineart.com','3172535754'
'Dorshak Family Tree Service','Butler','WI','53007','info@dorshaktree.com','2627838733'
'JOANN\'S IMPRESSIONS AND FURNITURE RESTORATION LLC','INDIANAPOLIS','IN','46256','dbarsten@gmail.com','3175769888'
'THE MAGIC PAINTING CO','MINNEAPOLIS','MN','55422','john@magicpainting.com','6123841148'
'Pacific Painting and Remodeling','COLUMBUS','OH','43204','amorvai@columbus.rr.com','6143515339'
'Mc Hugh\'s Plumbing Inc','Chesterland','OH','44026','bobmchugh390@roadrunner.com','4407299777'
